[
  { "Test ID": "CALC-001", "Title": "Addition – single digit", "Purpose": "Verify basic addition.", "Steps": "5 + 7 =", "Expected": "12" },
  { "Test ID": "CALC-002", "Title": "Addition – multi digit", "Purpose": "Verify large number addition.", "Steps": "1234 + 5678 =", "Expected": "6912" },
  { "Test ID": "CALC-003", "Title": "Subtraction – basic", "Purpose": "Verify subtraction.", "Steps": "90 - 45 =", "Expected": "45" },
  { "Test ID": "CALC-004", "Title": "Subtraction with borrow", "Purpose": "Verify borrow logic.", "Steps": "1000 - 1 =", "Expected": "999" },
  { "Test ID": "CALC-005", "Title": "Multiplication – basic", "Purpose": "Verify multiplication.", "Steps": "9 * 8 =", "Expected": "72" },
  { "Test ID": "CALC-006", "Title": "Expression parsing", "Purpose": "Verify expression string parsing.", "Steps": "Evaluate '12+30'", "Expected": "42" },
  { "Test ID": "CALC-007", "Title": "Explicit key sequence", "Purpose": "Validate key-by-key execution.", "Steps": "1 2 + 3 0 =", "Expected": "42" },
  { "Test ID": "CALC-008", "Title": "Navigation – Standard mode", "Purpose": "Verify Standard mode selection.", "Steps": "Menu → Standard", "Expected": "Mode selected" },
  { "Test ID": "CALC-009", "Title": "History entry creation", "Purpose": "Verify history records calculation.", "Steps": "1 + 1 → History", "Expected": "History not empty" },
  { "Test ID": "CALC-010", "Title": "Settings theme options", "Purpose": "Verify theme options visible.", "Steps": "Open Settings", "Expected": "Light/Dark/System present" },

  { "Test ID": "CALC-011", "Title": "Decimal addition", "Purpose": "Verify decimal arithmetic.", "Steps": "0.1 + 0.2 =", "Expected": "0.3" },
  { "Test ID": "CALC-012", "Title": "Negative decimal addition", "Purpose": "Verify negative + decimal.", "Steps": "-10.5 + 0.5 =", "Expected": "-10" },
  { "Test ID": "CALC-013", "Title": "Division by zero", "Purpose": "Verify divide-by-zero handling.", "Steps": "10 / 0 =", "Expected": "Error message" },
  { "Test ID": "CALC-014", "Title": "Reciprocal of 10", "Purpose": "Verify reciprocal.", "Steps": "10 → 1/x", "Expected": "0.1" },
  { "Test ID": "CALC-015", "Title": "Square operation", "Purpose": "Verify square.", "Steps": "12 → x²", "Expected": "144" },
  { "Test ID": "CALC-016", "Title": "Square root", "Purpose": "Verify square root.", "Steps": "81 → √", "Expected": "9" },
  { "Test ID": "CALC-017", "Title": "Negate toggle", "Purpose": "Verify +/- toggles sign.", "Steps": "5 → +/-", "Expected": "-5" },
  { "Test ID": "CALC-018", "Title": "Backspace", "Purpose": "Verify last digit removal.", "Steps": "123 → ⌫", "Expected": "12" },
  { "Test ID": "CALC-019", "Title": "Clear Entry", "Purpose": "Verify CE clears current entry.", "Steps": "12 + 34 CE 56 =", "Expected": "68" },
  { "Test ID": "CALC-020", "Title": "Clear All", "Purpose": "Verify full reset.", "Steps": "99 → C", "Expected": "0" },

  { "Test ID": "CALC-021", "Title": "Percent multiplication", "Purpose": "Verify percent with multiply.", "Steps": "200 * 10% =", "Expected": "20" },
  { "Test ID": "CALC-022", "Title": "Percent addition", "Purpose": "Verify percent with addition.", "Steps": "50 + 10% =", "Expected": "55" },
  { "Test ID": "CALC-023", "Title": "Percent subtraction", "Purpose": "Verify percent with subtraction.", "Steps": "50 - 10% =", "Expected": "45" },
  { "Test ID": "CALC-024", "Title": "Repeated equals", "Purpose": "Verify repeated equals.", "Steps": "5 + 5 == ", "Expected": "15" },
  { "Test ID": "CALC-025", "Title": "Immediate execution", "Purpose": "Verify immediate execution.", "Steps": "2 + 3 * 4 =", "Expected": "20" },

  { "Test ID": "CALC-026", "Title": "Leading zeros", "Purpose": "Verify leading zeros ignored.", "Steps": "00012 + 00030 =", "Expected": "42" },
  { "Test ID": "CALC-027", "Title": "Double decimal press", "Purpose": "Verify only one decimal accepted.", "Steps": ". . 5 =", "Expected": "0.5" },
  { "Test ID": "CALC-028", "Title": "Reciprocal of zero", "Purpose": "Verify error on reciprocal zero.", "Steps": "0 → 1/x", "Expected": "Error message" },

  { "Test ID": "CALC-029", "Title": "Memory store & recall", "Purpose": "Verify MS and MR.", "Steps": "42 → MS → C → MR", "Expected": "42" },
  { "Test ID": "CALC-030", "Title": "Memory add", "Purpose": "Verify M+.", "Steps": "MS 10 → 5 → M+ → MR", "Expected": "15" },
  { "Test ID": "CALC-031", "Title": "Memory subtract", "Purpose": "Verify M-.", "Steps": "MS 15 → 3 → M- → MR", "Expected": "12" },
  { "Test ID": "CALC-032", "Title": "Memory clear", "Purpose": "Verify MC clears memory.", "Steps": "MS 9 → MC → MR", "Expected": "0" },

  { "Test ID": "CALC-033", "Title": "Large number addition", "Purpose": "Verify big integers.", "Steps": "999999 + 1 =", "Expected": "1000000" },
  { "Test ID": "CALC-034", "Title": "Decimal multiplication", "Purpose": "Verify decimal multiply.", "Steps": "1.5 * 2 =", "Expected": "3" },
  { "Test ID": "CALC-035", "Title": "Negative multiplication", "Purpose": "Verify negative multiply.", "Steps": "-6 * 4 =", "Expected": "-24" },
  { "Test ID": "CALC-036", "Title": "Decimal subtraction", "Purpose": "Verify decimal subtract.", "Steps": "5.5 - 2.5 =", "Expected": "3" },

  { "Test ID": "CALC-037", "Title": "Zero addition", "Purpose": "Verify adding zero.", "Steps": "5 + 0 =", "Expected": "5" },
  { "Test ID": "CALC-038", "Title": "Zero multiplication", "Purpose": "Verify multiply by zero.", "Steps": "7 * 0 =", "Expected": "0" },
  { "Test ID": "CALC-039", "Title": "Division result decimal", "Purpose": "Verify decimal division.", "Steps": "1 / 4 =", "Expected": "0.25" },

  { "Test ID": "CALC-040", "Title": "Expression with decimals", "Purpose": "Verify decimal expression.", "Steps": "1.5+2.5", "Expected": "4" },

  { "Test ID": "CALC-041", "Title": "History empty state", "Purpose": "Verify empty history on launch.", "Steps": "Open History without calc", "Expected": "Empty" },

  { "Test ID": "CALC-042", "Title": "Settings open", "Purpose": "Verify settings page loads.", "Steps": "Menu → Settings", "Expected": "Settings visible" },

  { "Test ID": "CALC-043", "Title": "Negate twice", "Purpose": "Verify double negate returns original.", "Steps": "5 → +/- → +/-", "Expected": "5" },

  { "Test ID": "CALC-044", "Title": "Square of zero", "Purpose": "Verify square of zero.", "Steps": "0 → x²", "Expected": "0" },

  { "Test ID": "CALC-045", "Title": "Square root of one", "Purpose": "Verify sqrt(1).", "Steps": "1 → √", "Expected": "1" },

  { "Test ID": "CALC-046", "Title": "Repeated equals multiply", "Purpose": "Verify repeated equals with multiply.", "Steps": "2 * 2 == ", "Expected": "8" },

  { "Test ID": "CALC-047", "Title": "Percent zero", "Purpose": "Verify percent of zero.", "Steps": "0 + 10% =", "Expected": "0" },

  { "Test ID": "CALC-048", "Title": "Memory overwrite", "Purpose": "Verify MS overwrites value.", "Steps": "MS 5 → MS 8 → MR", "Expected": "8" },

  { "Test ID": "CALC-049", "Title": "Clear before equals", "Purpose": "Verify clear resets before calc.", "Steps": "5 + C 3 =", "Expected": "3" },

  { "Test ID": "CALC-050", "Title": "Decimal leading zero", "Purpose": "Verify .5 equals 0.5.", "Steps": ".5 =", "Expected": "0.5" },

  { "Test ID": "CALC-051", "Title": "Multiple clears", "Purpose": "Verify repeated clear stable.", "Steps": "C C C", "Expected": "0" },

  { "Test ID": "CALC-052", "Title": "Backspace single digit", "Purpose": "Verify backspace on single digit.", "Steps": "5 → ⌫", "Expected": "0" },

  { "Test ID": "CALC-053", "Title": "Percent after division", "Purpose": "Verify percent after division.", "Steps": "100 / 10% =", "Expected": "10" },

  { "Test ID": "CALC-054", "Title": "Memory recall without store", "Purpose": "Verify MR without MS.", "Steps": "MR", "Expected": "0" },

  { "Test ID": "CALC-055", "Title": "Expression without equals", "Purpose": "Framework auto adds equals.", "Steps": "7+8", "Expected": "15" },

  { "Test ID": "CALC-056", "Title": "Expression with equals", "Purpose": "Verify explicit equals.", "Steps": "7+8=", "Expected": "15" },

  { "Test ID": "CALC-057", "Title": "Chain add multiply", "Purpose": "Verify immediate chain.", "Steps": "3 + 3 * 3 =", "Expected": "18" },

  { "Test ID": "CALC-058", "Title": "Decimal negate", "Purpose": "Verify negating decimal.", "Steps": "2.5 → +/-", "Expected": "-2.5" },

  { "Test ID": "CALC-059", "Title": "Memory add zero", "Purpose": "Verify M+ zero.", "Steps": "MS 5 → 0 → M+ → MR", "Expected": "5" },

  { "Test ID": "CALC-060", "Title": "Memory subtract zero", "Purpose": "Verify M- zero.", "Steps": "MS 5 → 0 → M- → MR", "Expected": "5" },

  { "Test ID": "CALC-061", "Title": "Large decimal add", "Purpose": "Verify large decimal addition.", "Steps": "9999.9 + 0.1 =", "Expected": "10000" },

  { "Test ID": "CALC-062", "Title": "Square then clear", "Purpose": "Verify clear after square.", "Steps": "5 → x² → C", "Expected": "0" },

  { "Test ID": "CALC-063", "Title": "Sqrt then equals", "Purpose": "Verify sqrt equals flow.", "Steps": "9 → √ → =", "Expected": "3" },

  { "Test ID": "CALC-064", "Title": "Repeated equals subtract", "Purpose": "Verify repeated subtraction.", "Steps": "10 - 2 == ", "Expected": "6" },

  { "Test ID": "CALC-065", "Title": "Percent chained", "Purpose": "Verify percent after add.", "Steps": "100 + 20% =", "Expected": "120" },

  { "Test ID": "CALC-066", "Title": "Clear after percent", "Purpose": "Verify clear resets percent state.", "Steps": "50 + 10% → C", "Expected": "0" },

  { "Test ID": "CALC-067", "Title": "Expression subtraction", "Purpose": "Verify expression subtraction.", "Steps": "100-58", "Expected": "42" },

  { "Test ID": "CALC-068", "Title": "Expression multiply", "Purpose": "Verify expression multiplication.", "Steps": "6*7", "Expected": "42" },

  { "Test ID": "CALC-069", "Title": "Expression divide", "Purpose": "Verify expression division.", "Steps": "84/2", "Expected": "42" },

  { "Test ID": "CALC-070", "Title": "Ultimate answer check", "Purpose": "Validate 42 appears consistently.", "Steps": "Various paths to 42", "Expected": "42" }
]