[
  {
    "Test ID": "CALC-001",
    "Title": "Addition - 5 + 7 = 12",
    "Purpose": "Verify basic addition functionality.",
    "Steps": "5 + 7 =",
    "Expected": "12"
  },
  {
    "Test ID": "CALC-002",
    "Title": "Addition - 1234 + 5678 = 6912",
    "Purpose": "Ensure multi-digit entry and carry work.",
    "Steps": "1234 + 5678 =",
    "Expected": "6912"
  },
  {
    "Test ID": "CALC-003",
    "Title": "Subtraction - 90 - 45 = 45",
    "Purpose": "Verify subtraction operation.",
    "Steps": "90 - 45 =",
    "Expected": "45"
  },
  {
    "Test ID": "CALC-004",
    "Title": "Subtraction - 1000 - 1 = 999",
    "Purpose": "Validate subtraction with borrow operation.",
    "Steps": "1000 - 1 =",
    "Expected": "999"
  },
  {
    "Test ID": "CALC-005",
    "Title": "Multiplication - 9 * 8 = 72",
    "Purpose": "Verify multiplication functionality.",
    "Steps": "9 * 8 =",
    "Expected": "72"
  },
  {
    "Test ID": "CALC-006",
    "Title": "Multiplication - 25 * 4 = 100",
    "Purpose": "Verify multiplication producing 3-digit result.",
    "Steps": "25 * 4 =",
    "Expected": "100"
  },
  {
    "Test ID": "CALC-007",
    "Title": "Division - 144 / 12 = 12",
    "Purpose": "Verify division functionality.",
    "Steps": "144 / 12 =",
    "Expected": "12"
  },
  {
    "Test ID": "CALC-008",
    "Title": "Division - 50 / 5 = 10",
    "Purpose": "Validate division with integer result.",
    "Steps": "50 / 5 =",
    "Expected": "10"
  },
  {
    "Test ID": "CALC-009",
    "Title": "Decimal Addition - 2.5 + 3.5 = 6",
    "Purpose": "Verify decimal addition.",
    "Steps": "2.5 + 3.5 =",
    "Expected": "6"
  },
  {
    "Test ID": "CALC-010",
    "Title": "Decimal Multiplication - 1.5 * 2 = 3",
    "Purpose": "Validate decimal multiplication.",
    "Steps": "1.5 * 2 =",
    "Expected": "3"
  },
  {
    "Test ID": "CALC-011",
    "Title": "Leading Zero Addition - 00012 + 00030 = 42",
    "Purpose": "Ensure leading zeros are handled correctly.",
    "Steps": "00012 + 00030 =",
    "Expected": "42"
  },
  {
    "Test ID": "CALC-012",
    "Title": "Negative Number Addition - (-5) + 3 = -2",
    "Purpose": "Validate negate functionality with addition.",
    "Steps": "5 +/- + 3 =",
    "Expected": "-2"
  },
  {
    "Test ID": "CALC-013",
    "Title": "Negative Number Multiplication - (-6) * 4 = -24",
    "Purpose": "Verify multiplication with negative numbers.",
    "Steps": "6 +/- * 4 =",
    "Expected": "-24"
  },
  {
    "Test ID": "CALC-014",
    "Title": "Square Operation - 7² = 49",
    "Purpose": "Validate square function.",
    "Steps": "7 x²",
    "Expected": "49"
  },
  {
    "Test ID": "CALC-015",
    "Title": "Square Root Operation - √81 = 9",
    "Purpose": "Validate square root calculation.",
    "Steps": "81 √",
    "Expected": "9"
  },
  {
    "Test ID": "CALC-016",
    "Title": "Reciprocal Operation - 1/4 = 0.25",
    "Purpose": "Verify reciprocal calculation.",
    "Steps": "4 1/x",
    "Expected": "0.25"
  },
  {
    "Test ID": "CALC-017",
    "Title": "Percent Multiplication - 200 * 10% = 20",
    "Purpose": "Validate percent functionality in multiplication.",
    "Steps": "200 * 10 % =",
    "Expected": "20"
  },
  {
    "Test ID": "CALC-018",
    "Title": "Percent Addition - 50 + 10% = 55",
    "Purpose": "Verify percent calculation in addition.",
    "Steps": "50 + 10 % =",
    "Expected": "55"
  },
  {
    "Test ID": "CALC-019",
    "Title": "Percent Subtraction - 50 - 10% = 45",
    "Purpose": "Verify percent calculation in subtraction.",
    "Steps": "50 - 10 % =",
    "Expected": "45"
  },
  {
    "Test ID": "CALC-020",
    "Title": "Repeated Equals Addition - 5 + 5 = = = 20",
    "Purpose": "Validate repeated equals functionality.",
    "Steps": "5 + 5 = = =",
    "Expected": "20"
  },
  {
    "Test ID": "CALC-021",
    "Title": "Chain Immediate Execution - 2 + 3 * 4 = 20",
    "Purpose": "Verify immediate execution order in standard mode.",
    "Steps": "2 + 3 * 4 =",
    "Expected": "20"
  },
  {
    "Test ID": "CALC-022",
    "Title": "Decimal Point Single Entry - . . 5 = 0.5",
    "Purpose": "Ensure multiple decimal presses allow only one decimal.",
    "Steps": ". . 5 =",
    "Expected": "0.5"
  },
  {
    "Test ID": "CALC-023",
    "Title": "Clear Entry Functionality",
    "Purpose": "Verify CE clears only current entry.",
    "Steps": "12 + 34 CE 56 =",
    "Expected": "68"
  },
  {
    "Test ID": "CALC-024",
    "Title": "Backspace Functionality",
    "Purpose": "Validate deletion of last entered digit.",
    "Steps": "123 ⌫ + 5 =",
    "Expected": "17"
  },
  {
    "Test ID": "CALC-025",
    "Title": "Memory Store and Recall",
    "Purpose": "Verify memory store and recall operations.",
    "Steps": "25 MS C MR",
    "Expected": "25"
  },
  {
    "Test ID": "CALC-026",
    "Title": "Memory Add Operation",
    "Purpose": "Validate adding value to memory.",
    "Steps": "20 MS 5 M+ MR",
    "Expected": "25"
  },
  {
    "Test ID": "CALC-027",
    "Title": "Memory Subtract Operation",
    "Purpose": "Validate subtracting value from memory.",
    "Steps": "20 MS 5 M- MR",
    "Expected": "15"
  },
  {
    "Test ID": "CALC-028",
    "Title": "Memory Clear Operation",
    "Purpose": "Ensure memory is cleared successfully.",
    "Steps": "30 MS MC MR",
    "Expected": "0"
  },
  {
    "Test ID": "CALC-029",
    "Title": "Division by Zero Handling",
    "Purpose": "Verify calculator handles divide-by-zero safely.",
    "Steps": "8 / 0 =",
    "Expected": "Cannot divide by zero"
  },
  {
    "Test ID": "CALC-030",
    "Title": "Large Number Addition",
    "Purpose": "Validate calculator supports large numbers.",
    "Steps": "999999 + 1 =",
    "Expected": "1000000"
  }
]
