[
  { "project_name":"Ecommerce","test_suite_name":"Test01","section_path":"omen","test_case_id":6101,"title":"OMEN Launch After System Boot","preconditions":"System freshly booted, OMEN installed","steps":["1. Boot system","2. Launch OMEN Gaming Hub"],"expected_result":"OMEN launches successfully","automation_statuses":"windows can automate","tags":"omen,launch" },

  { "project_name":"Ecommerce","test_suite_name":"Test01","section_path":"omen","test_case_id":6102,"title":"OMEN Launch While Internet Disconnected","preconditions":"OMEN installed, internet disconnected","steps":["1. Disconnect internet","2. Launch OMEN"],"expected_result":"OMEN launches with limited functionality message","automation_statuses":"windows can automate","tags":"omen,offline" },

  { "project_name":"Ecommerce","test_suite_name":"Test01","section_path":"omen","test_case_id":6103,"title":"OMEN Relaunch After Manual Close","preconditions":"OMEN running","steps":["1. Close OMEN","2. Relaunch OMEN"],"expected_result":"OMEN relaunches without error","automation_statuses":"windows can automate","tags":"omen,relaunch" },

  { "project_name":"Ecommerce","test_suite_name":"Test01","section_path":"omen","test_case_id":6104,"title":"Dashboard Initial Load","preconditions":"OMEN installed, user logged in","steps":["1. Launch OMEN","2. Wait for dashboard"],"expected_result":"Dashboard loads completely","automation_statuses":"windows can automate","tags":"omen,dashboard" },

  { "project_name":"Ecommerce","test_suite_name":"Test01","section_path":"omen","test_case_id":6105,"title":"Dashboard Widgets Visibility","preconditions":"OMEN launched","steps":["1. Observe dashboard widgets"],"expected_result":"All widgets visible","automation_statuses":"windows can automate","tags":"omen,dashboard,widgets" },

  { "project_name":"Ecommerce","test_suite_name":"Test01","section_path":"omen","test_case_id":6106,"title":"Navigate to Performance Control Tab","preconditions":"OMEN launched","steps":["1. Click Performance Control"],"expected_result":"Performance Control opens","automation_statuses":"windows can automate","tags":"omen,performance" },

  { "project_name":"Ecommerce","test_suite_name":"Test01","section_path":"omen","test_case_id":6107,"title":"CPU Usage Metric Display","preconditions":"Performance Control open","steps":["1. Observe CPU metric"],"expected_result":"CPU usage displayed","automation_statuses":"windows can automate","tags":"omen,cpu" },

  { "project_name":"Ecommerce","test_suite_name":"Test01","section_path":"omen","test_case_id":6108,"title":"GPU Usage Metric Display","preconditions":"Performance Control open","steps":["1. Observe GPU metric"],"expected_result":"GPU usage displayed","automation_statuses":"windows can automate","tags":"omen,gpu" },

  { "project_name":"Ecommerce","test_suite_name":"Test01","section_path":"omen","test_case_id":6109,"title":"Memory Usage Metric Display","preconditions":"Performance Control open","steps":["1. Observe memory metric"],"expected_result":"Memory usage displayed","automation_statuses":"windows can automate","tags":"omen,memory" },

  { "project_name":"Ecommerce","test_suite_name":"Test01","section_path":"omen","test_case_id":6110,"title":"Temperature Metric Display","preconditions":"Performance Control open","steps":["1. Observe temperature metric"],"expected_result":"Temperature shown","automation_statuses":"windows can automate","tags":"omen,temperature" },

  { "project_name":"Ecommerce","test_suite_name":"Test01","section_path":"omen","test_case_id":6111,"title":"Change Performance Mode","preconditions":"Performance Control open","steps":["1. Change performance mode"],"expected_result":"Mode applied successfully","automation_statuses":"windows can automate","tags":"omen,mode" },

  { "project_name":"Ecommerce","test_suite_name":"Test01","section_path":"omen","test_case_id":6112,"title":"Performance Mode Persistence","preconditions":"Mode changed","steps":["1. Restart OMEN"],"expected_result":"Mode persists","automation_statuses":"windows can automate","tags":"omen,mode,persistence" },

  { "project_name":"Ecommerce","test_suite_name":"Test01","section_path":"omen","test_case_id":6113,"title":"Navigate to My Games","preconditions":"OMEN launched","steps":["1. Click My Games"],"expected_result":"Game library loads","automation_statuses":"windows can automate","tags":"omen,games" },

  { "project_name":"Ecommerce","test_suite_name":"Test01","section_path":"omen","test_case_id":6114,"title":"Game Library Empty State","preconditions":"No games installed","steps":["1. Open My Games"],"expected_result":"Empty state message shown","automation_statuses":"windows can automate","tags":"omen,games,empty" },

  { "project_name":"Ecommerce","test_suite_name":"Test01","section_path":"omen","test_case_id":6115,"title":"Launch Game from OMEN","preconditions":"Game installed","steps":["1. Click Play"],"expected_result":"Game launches","automation_statuses":"windows can automate","tags":"omen,game,launch" },

  { "project_name":"Ecommerce","test_suite_name":"Test01","section_path":"omen","test_case_id":6116,"title":"Game Status Updates to Running","preconditions":"Game launched","steps":["1. Observe game status"],"expected_result":"Status shows running","automation_statuses":"windows can automate","tags":"omen,game,status" },

  { "project_name":"Ecommerce","test_suite_name":"Test01","section_path":"omen","test_case_id":6117,"title":"Close OMEN While Game Running","preconditions":"Game running","steps":["1. Close OMEN"],"expected_result":"Game continues running","automation_statuses":"windows can automate","tags":"omen,stability" },

  { "project_name":"Ecommerce","test_suite_name":"Test01","section_path":"omen","test_case_id":6118,"title":"Return to OMEN After Game Exit","preconditions":"Game closed","steps":["1. Reopen OMEN"],"expected_result":"OMEN reflects game stopped","automation_statuses":"windows can automate","tags":"omen,game,lifecycle" },

  { "project_name":"Ecommerce","test_suite_name":"Test01","section_path":"omen","test_case_id":6119,"title":"Navigate to Lighting Tab","preconditions":"Supported device connected","steps":["1. Click Lighting"],"expected_result":"Lighting page loads","automation_statuses":"windows can automate","tags":"omen,lighting" },

  { "project_name":"Ecommerce","test_suite_name":"Test01","section_path":"omen","test_case_id":6120,"title":"Lighting Device Detection","preconditions":"OMEN keyboard connected","steps":["1. Open Lighting"],"expected_result":"Keyboard detected","automation_statuses":"windows can automate","tags":"omen,device" },

  { "project_name":"Ecommerce","test_suite_name":"Test01","section_path":"omen","test_case_id":6121,"title":"Change Keyboard Lighting Color","preconditions":"Lighting tab open","steps":["1. Change color","2. Apply"],"expected_result":"Color applied","automation_statuses":"windows can automate","tags":"omen,lighting,color" },

  { "project_name":"Ecommerce","test_suite_name":"Test01","section_path":"omen","test_case_id":6122,"title":"Lighting Persistence After Restart","preconditions":"Lighting changed","steps":["1. Restart OMEN"],"expected_result":"Lighting persists","automation_statuses":"windows can automate","tags":"omen,lighting,persistence" },

  { "project_name":"Ecommerce","test_suite_name":"Test01","section_path":"omen","test_case_id":6123,"title":"Navigate to Settings","preconditions":"OMEN launched","steps":["1. Open Settings"],"expected_result":"Settings page loads","automation_statuses":"windows can automate","tags":"omen,settings" },

  { "project_name":"Ecommerce","test_suite_name":"Test01","section_path":"omen","test_case_id":6124,"title":"Change Theme to Dark","preconditions":"Settings open","steps":["1. Select Dark theme"],"expected_result":"Dark theme applied","automation_statuses":"windows can automate","tags":"omen,theme" },

  { "project_name":"Ecommerce","test_suite_name":"Test01","section_path":"omen","test_case_id":6125,"title":"Change Theme to Light","preconditions":"Settings open","steps":["1. Select Light theme"],"expected_result":"Light theme applied","automation_statuses":"windows can automate","tags":"omen,theme" },

  { "project_name":"Ecommerce","test_suite_name":"Test01","section_path":"omen","test_case_id":6126,"title":"Theme Persistence After Restart","preconditions":"Theme changed","steps":["1. Restart OMEN"],"expected_result":"Theme persists","automation_statuses":"windows can automate","tags":"omen,theme,persistence" },

  { "project_name":"Ecommerce","test_suite_name":"Test01","section_path":"omen","test_case_id":6127,"title":"Toggle Notifications","preconditions":"Settings open","steps":["1. Toggle notifications"],"expected_result":"Setting saved","automation_statuses":"windows can automate","tags":"omen,notifications" },

  { "project_name":"Ecommerce","test_suite_name":"Test01","section_path":"omen","test_case_id":6128,"title":"Toggle Startup Launch","preconditions":"Settings open","steps":["1. Toggle startup option"],"expected_result":"Startup setting saved","automation_statuses":"windows can automate","tags":"omen,startup" },

  { "project_name":"Ecommerce","test_suite_name":"Test01","section_path":"omen","test_case_id":6129,"title":"Update Notification Visible","preconditions":"Update available","steps":["1. Launch OMEN"],"expected_result":"Update banner visible","automation_statuses":"windows can automate","tags":"omen,update" },

  { "project_name":"Ecommerce","test_suite_name":"Test01","section_path":"omen","test_case_id":6130,"title":"Update Download Initiation","preconditions":"Update available","steps":["1. Click Update"],"expected_result":"Download starts","automation_statuses":"windows can automate","tags":"omen,update,download" },

  { "project_name":"Ecommerce","test_suite_name":"Test01","section_path":"omen","test_case_id":6131,"title":"Update Install Completion","preconditions":"Update downloaded","steps":["1. Install update"],"expected_result":"OMEN restarts successfully","automation_statuses":"windows can automate","tags":"omen,update,install" },

  { "project_name":"Ecommerce","test_suite_name":"Test01","section_path":"omen","test_case_id":6132,"title":"Network Drop During Session","preconditions":"OMEN running","steps":["1. Disconnect internet"],"expected_result":"OMEN shows network warning","automation_statuses":"windows can automate","tags":"omen,network" },

  { "project_name":"Ecommerce","test_suite_name":"Test01","section_path":"omen","test_case_id":6133,"title":"Network Reconnect Handling","preconditions":"Network disconnected","steps":["1. Reconnect internet"],"expected_result":"OMEN recovers gracefully","automation_statuses":"windows can automate","tags":"omen,network,recovery" }
]
