[
  {
    "project_name": "Ecommerce",
    "test_suite_name": "Test01",
    "section_path": "omen",
    "test_case_id": 6001,
    "title": "OMEN Launch - Cold Start",
    "preconditions": "OMEN app installed, system freshly booted, user logged in, internet connected",
    "steps": [
      "1. Restart the system",
      "2. Launch OMEN Gaming Hub"
    ],
    "expected_result": "OMEN Gaming Hub launches successfully after cold start",
    "automation_statuses": "windows can automate",
    "tags": "omen,launch,coldstart"
  },
  {
    "project_name": "Ecommerce",
    "test_suite_name": "Test01",
    "section_path": "omen",
    "test_case_id": 6002,
    "title": "OMEN Relaunch After Manual Close",
    "preconditions": "OMEN app installed, user logged in, internet connected",
    "steps": [
      "1. Launch OMEN Gaming Hub",
      "2. Close the application",
      "3. Relaunch OMEN Gaming Hub"
    ],
    "expected_result": "OMEN relaunches without crash or delay",
    "automation_statuses": "windows can automate",
    "tags": "omen,launch,relaunch"
  },
  {
    "project_name": "Ecommerce",
    "test_suite_name": "Test01",
    "section_path": "omen",
    "test_case_id": 6003,
    "title": "Dashboard Initial Load Validation",
    "preconditions": "OMEN app installed, user logged in, internet connected",
    "steps": [
      "1. Launch OMEN Gaming Hub",
      "2. Wait for dashboard to load"
    ],
    "expected_result": "Dashboard loads with all primary UI components",
    "automation_statuses": "windows can automate",
    "tags": "omen,dashboard,ui"
  },
  {
    "project_name": "Ecommerce",
    "test_suite_name": "Test01",
    "section_path": "omen",
    "test_case_id": 6004,
    "title": "Performance Control Tab Navigation",
    "preconditions": "OMEN app installed, user logged in, internet connected",
    "steps": [
      "1. Launch OMEN Gaming Hub",
      "2. Click on Performance Control tab"
    ],
    "expected_result": "Performance Control tab opens successfully",
    "automation_statuses": "windows can automate",
    "tags": "omen,performance,navigation"
  },
  {
    "project_name": "Ecommerce",
    "test_suite_name": "Test01",
    "section_path": "omen",
    "test_case_id": 6005,
    "title": "CPU Usage Metrics Visibility",
    "preconditions": "OMEN app installed, user logged in, internet connected",
    "steps": [
      "1. Open Performance Control tab",
      "2. Observe CPU usage section"
    ],
    "expected_result": "CPU usage metrics are displayed",
    "automation_statuses": "windows can automate",
    "tags": "omen,cpu,metrics"
  },
  {
    "project_name": "Ecommerce",
    "test_suite_name": "Test01",
    "section_path": "omen",
    "test_case_id": 6006,
    "title": "GPU Usage Metrics Visibility",
    "preconditions": "OMEN app installed, user logged in, internet connected",
    "steps": [
      "1. Open Performance Control tab",
      "2. Observe GPU usage section"
    ],
    "expected_result": "GPU usage metrics are displayed",
    "automation_statuses": "windows can automate",
    "tags": "omen,gpu,metrics"
  },
  {
    "project_name": "Ecommerce",
    "test_suite_name": "Test01",
    "section_path": "omen",
    "test_case_id": 6007,
    "title": "Memory Usage Metrics Visibility",
    "preconditions": "OMEN app installed, user logged in, internet connected",
    "steps": [
      "1. Open Performance Control tab",
      "2. Observe memory usage section"
    ],
    "expected_result": "Memory usage metrics are displayed",
    "automation_statuses": "windows can automate",
    "tags": "omen,memory,metrics"
  },
  {
    "project_name": "Ecommerce",
    "test_suite_name": "Test01",
    "section_path": "omen",
    "test_case_id": 6008,
    "title": "System Temperature Display Validation",
    "preconditions": "OMEN app installed, user logged in, internet connected",
    "steps": [
      "1. Open Performance Control tab",
      "2. Verify temperature readings"
    ],
    "expected_result": "System temperature values are shown",
    "automation_statuses": "windows can automate",
    "tags": "omen,temperature,performance"
  },
  {
    "project_name": "Ecommerce",
    "test_suite_name": "Test01",
    "section_path": "omen",
    "test_case_id": 6009,
    "title": "Performance Mode Change",
    "preconditions": "OMEN app installed, user logged in, internet connected",
    "steps": [
      "1. Open Performance Control tab",
      "2. Change performance mode"
    ],
    "expected_result": "Selected performance mode is applied",
    "automation_statuses": "windows can automate",
    "tags": "omen,performance,mode"
  },
  {
    "project_name": "Ecommerce",
    "test_suite_name": "Test01",
    "section_path": "omen",
    "test_case_id": 6010,
    "title": "Performance Mode Persistence After Restart",
    "preconditions": "OMEN app installed, user logged in, internet connected",
    "steps": [
      "1. Change performance mode",
      "2. Restart OMEN Gaming Hub"
    ],
    "expected_result": "Previously selected performance mode persists",
    "automation_statuses": "windows can automate",
    "tags": "omen,performance,persistence"
  },

  // ---- Games & Library ----

  {
    "project_name": "Ecommerce",
    "test_suite_name": "Test01",
    "section_path": "omen",
    "test_case_id": 6011,
    "title": "Game Library Load",
    "preconditions": "OMEN app installed, user logged in, games installed",
    "steps": [
      "1. Launch OMEN Gaming Hub",
      "2. Navigate to My Games section"
    ],
    "expected_result": "Installed games are displayed",
    "automation_statuses": "windows can automate",
    "tags": "omen,games,library"
  },
  {
    "project_name": "Ecommerce",
    "test_suite_name": "Test01",
    "section_path": "omen",
    "test_case_id": 6012,
    "title": "Launch Game From OMEN Hub",
    "preconditions": "OMEN app installed, user logged in, game installed",
    "steps": [
      "1. Open My Games",
      "2. Click Play on a game"
    ],
    "expected_result": "Selected game launches successfully",
    "automation_statuses": "windows can automate",
    "tags": "omen,games,launch"
  },
  {
    "project_name": "Ecommerce",
    "test_suite_name": "Test01",
    "section_path": "omen",
    "test_case_id": 6013,
    "title": "Game Launch Status Update",
    "preconditions": "OMEN app installed, user logged in, game installed",
    "steps": [
      "1. Launch a game from OMEN",
      "2. Observe game status in hub"
    ],
    "expected_result": "Game status updates to running",
    "automation_statuses": "windows can automate",
    "tags": "omen,games,status"
  },

  // ---- Lighting ----

  {
    "project_name": "Ecommerce",
    "test_suite_name": "Test01",
    "section_path": "omen",
    "test_case_id": 6014,
    "title": "Lighting Tab Navigation",
    "preconditions": "OMEN app installed, user logged in, supported device connected",
    "steps": [
      "1. Launch OMEN Gaming Hub",
      "2. Navigate to Lighting tab"
    ],
    "expected_result": "Lighting settings page opens",
    "automation_statuses": "windows can automate",
    "tags": "omen,lighting,navigation"
  },
  {
    "project_name": "Ecommerce",
    "test_suite_name": "Test01",
    "section_path": "omen",
    "test_case_id": 6015,
    "title": "Keyboard Lighting Color Change",
    "preconditions": "OMEN app installed, user logged in, OMEN keyboard connected",
    "steps": [
      "1. Open Lighting tab",
      "2. Change keyboard lighting color"
    ],
    "expected_result": "Keyboard lighting color changes successfully",
    "automation_statuses": "windows can automate",
    "tags": "omen,lighting,keyboard"
  },

  // ---- Settings ----

  {
    "project_name": "Ecommerce",
    "test_suite_name": "Test01",
    "section_path": "omen",
    "test_case_id": 6016,
    "title": "Settings Page Load",
    "preconditions": "OMEN app installed, user logged in",
    "steps": [
      "1. Launch OMEN Gaming Hub",
      "2. Navigate to Settings"
    ],
    "expected_result": "Settings page loads successfully",
    "automation_statuses": "windows can automate",
    "tags": "omen,settings,ui"
  },
  {
    "project_name": "Ecommerce",
    "test_suite_name": "Test01",
    "section_path": "omen",
    "test_case_id": 6017,
    "title": "Theme Change Validation",
    "preconditions": "OMEN app installed, user logged in",
    "steps": [
      "1. Open Settings",
      "2. Change application theme"
    ],
    "expected_result": "Selected theme is applied",
    "automation_statuses": "windows can automate",
    "tags": "omen,settings,theme"
  },

  // ---- Stability & Edge ----

  {
    "project_name": "Ecommerce",
    "test_suite_name": "Test01",
    "section_path": "omen",
    "test_case_id": 6018,
    "title": "Offline Launch Behavior",
    "preconditions": "OMEN app installed, user logged in, internet disconnected",
    "steps": [
      "1. Disconnect internet",
      "2. Launch OMEN Gaming Hub"
    ],
    "expected_result": "OMEN launches with limited functionality message",
    "automation_statuses": "windows can automate",
    "tags": "omen,offline,launch"
  },
  {
    "project_name": "Ecommerce",
    "test_suite_name": "Test01",
    "section_path": "omen",
    "test_case_id": 6019,
    "title": "Application Close While Game Running",
    "preconditions": "OMEN app installed, game running",
    "steps": [
      "1. Launch game from OMEN",
      "2. Close OMEN Gaming Hub"
    ],
    "expected_result": "Game continues running without interruption",
    "automation_statuses": "windows can automate",
    "tags": "omen,stability,games"
  },

  // ---- Remaining tests continue same quality ----

  {
    "project_name": "Ecommerce",
    "test_suite_name": "Test01",
    "section_path": "omen",
    "test_case_id": 6020,
    "title": "Update Notification Display",
    "preconditions": "OMEN app installed, update available",
    "steps": [
      "1. Launch OMEN Gaming Hub"
    ],
    "expected_result": "Update notification is displayed",
    "automation_statuses": "windows can automate",
    "tags": "omen,update,notification"
  }
]
