{
        {
            "Test Case ID": "MTD_TC_001",
            "Title": "Window Controls - Automated Scenario 1",
            "Preconditions": "Microsoft To Do application is installed and user is logged in.",
            "Steps": [
                "Launch Microsoft To Do application.",
                "Navigate to Window Controls section if applicable.",
                "Perform the intended action for this scenario."
            ],
            "Expected Result": "The Window Controls functionality works as expected without errors."
        },
        {
            "Test Case ID": "MTD_TC_002",
            "Title": "Navigation - Automated Scenario 2",
            "Preconditions": "Microsoft To Do application is installed and user is logged in.",
            "Steps": [
                "Launch Microsoft To Do application.",
                "Navigate to Navigation section if applicable.",
                "Perform the intended action for this scenario."
            ],
            "Expected Result": "The Navigation functionality works as expected without errors."
        },
        {
            "Test Case ID": "MTD_TC_003",
            "Title": "My Day - Automated Scenario 3",
            "Preconditions": "Microsoft To Do application is installed and user is logged in.",
            "Steps": [
                "Launch Microsoft To Do application.",
                "Navigate to My Day section if applicable.",
                "Perform the intended action for this scenario."
            ],
            "Expected Result": "The My Day functionality works as expected without errors."
        },
        {
            "Test Case ID": "MTD_TC_004",
            "Title": "Important - Automated Scenario 4",
            "Preconditions": "Microsoft To Do application is installed and user is logged in.",
            "Steps": [
                "Launch Microsoft To Do application.",
                "Navigate to Important section if applicable.",
                "Perform the intended action for this scenario."
            ],
            "Expected Result": "The Important functionality works as expected without errors."
        },
        {
            "Test Case ID": "MTD_TC_005",
            "Title": "Planned - Automated Scenario 5",
            "Preconditions": "Microsoft To Do application is installed and user is logged in.",
            "Steps": [
                "Launch Microsoft To Do application.",
                "Navigate to Planned section if applicable.",
                "Perform the intended action for this scenario."
            ],
            "Expected Result": "The Planned functionality works as expected without errors."
        },
        {
            "Test Case ID": "MTD_TC_006",
            "Title": "Tasks - Automated Scenario 6",
            "Preconditions": "Microsoft To Do application is installed and user is logged in.",
            "Steps": [
                "Launch Microsoft To Do application.",
                "Navigate to Tasks section if applicable.",
                "Perform the intended action for this scenario."
            ],
            "Expected Result": "The Tasks functionality works as expected without errors."
        },
        {
            "Test Case ID": "MTD_TC_007",
            "Title": "Profile - Automated Scenario 7",
            "Preconditions": "Microsoft To Do application is installed and user is logged in.",
            "Steps": [
                "Launch Microsoft To Do application.",
                "Navigate to Profile section if applicable.",
                "Perform the intended action for this scenario."
            ],
            "Expected Result": "The Profile functionality works as expected without errors."
        },
        {
            "Test Case ID": "MTD_TC_008",
            "Title": "List Management - Automated Scenario 8",
            "Preconditions": "Microsoft To Do application is installed and user is logged in.",
            "Steps": [
                "Launch Microsoft To Do application.",
                "Navigate to List Management section if applicable.",
                "Perform the intended action for this scenario."
            ],
            "Expected Result": "The List Management functionality works as expected without errors."
        },
        {
            "Test Case ID": "MTD_TC_009",
            "Title": "Task Management - Automated Scenario 9",
            "Preconditions": "Microsoft To Do application is installed and user is logged in.",
            "Steps": [
                "Launch Microsoft To Do application.",
                "Navigate to Task Management section if applicable.",
                "Perform the intended action for this scenario."
            ],
            "Expected Result": "The Task Management functionality works as expected without errors."
        },
        {
            "Test Case ID": "MTD_TC_010",
            "Title": "Edge & Negative Cases - Automated Scenario 10",
            "Preconditions": "Microsoft To Do application is installed and user is logged in.",
            "Steps": [
                "Launch Microsoft To Do application.",
                "Navigate to Edge & Negative Cases section if applicable.",
                "Perform the intended action for this scenario."
            ],
            "Expected Result": "The Edge & Negative Cases functionality works as expected without errors."
        },
        {
            "Test Case ID": "MTD_TC_011",
            "Title": "Window Controls - Automated Scenario 11",
            "Preconditions": "Microsoft To Do application is installed and user is logged in.",
            "Steps": [
                "Launch Microsoft To Do application.",
                "Navigate to Window Controls section if applicable.",
                "Perform the intended action for this scenario."
            ],
            "Expected Result": "The Window Controls functionality works as expected without errors."
        },
        {
            "Test Case ID": "MTD_TC_012",
            "Title": "Navigation - Automated Scenario 12",
            "Preconditions": "Microsoft To Do application is installed and user is logged in.",
            "Steps": [
                "Launch Microsoft To Do application.",
                "Navigate to Navigation section if applicable.",
                "Perform the intended action for this scenario."
            ],
            "Expected Result": "The Navigation functionality works as expected without errors."
        },
        {
            "Test Case ID": "MTD_TC_013",
            "Title": "My Day - Automated Scenario 13",
            "Preconditions": "Microsoft To Do application is installed and user is logged in.",
            "Steps": [
                "Launch Microsoft To Do application.",
                "Navigate to My Day section if applicable.",
                "Perform the intended action for this scenario."
            ],
            "Expected Result": "The My Day functionality works as expected without errors."
        },
        {
            "Test Case ID": "MTD_TC_014",
            "Title": "Important - Automated Scenario 14",
            "Preconditions": "Microsoft To Do application is installed and user is logged in.",
            "Steps": [
                "Launch Microsoft To Do application.",
                "Navigate to Important section if applicable.",
                "Perform the intended action for this scenario."
            ],
            "Expected Result": "The Important functionality works as expected without errors."
        },
        {
            "Test Case ID": "MTD_TC_015",
            "Title": "Planned - Automated Scenario 15",
            "Preconditions": "Microsoft To Do application is installed and user is logged in.",
            "Steps": [
                "Launch Microsoft To Do application.",
                "Navigate to Planned section if applicable.",
                "Perform the intended action for this scenario."
            ],
            "Expected Result": "The Planned functionality works as expected without errors."
        },
        {
            "Test Case ID": "MTD_TC_016",
            "Title": "Tasks - Automated Scenario 16",
            "Preconditions": "Microsoft To Do application is installed and user is logged in.",
            "Steps": [
                "Launch Microsoft To Do application.",
                "Navigate to Tasks section if applicable.",
                "Perform the intended action for this scenario."
            ],
            "Expected Result": "The Tasks functionality works as expected without errors."
        },
        {
            "Test Case ID": "MTD_TC_017",
            "Title": "Profile - Automated Scenario 17",
            "Preconditions": "Microsoft To Do application is installed and user is logged in.",
            "Steps": [
                "Launch Microsoft To Do application.",
                "Navigate to Profile section if applicable.",
                "Perform the intended action for this scenario."
            ],
            "Expected Result": "The Profile functionality works as expected without errors."
        },
        {
            "Test Case ID": "MTD_TC_018",
            "Title": "List Management - Automated Scenario 18",
            "Preconditions": "Microsoft To Do application is installed and user is logged in.",
            "Steps": [
                "Launch Microsoft To Do application.",
                "Navigate to List Management section if applicable.",
                "Perform the intended action for this scenario."
            ],
            "Expected Result": "The List Management functionality works as expected without errors."
        },
        {
            "Test Case ID": "MTD_TC_019",
            "Title": "Task Management - Automated Scenario 19",
            "Preconditions": "Microsoft To Do application is installed and user is logged in.",
            "Steps": [
                "Launch Microsoft To Do application.",
                "Navigate to Task Management section if applicable.",
                "Perform the intended action for this scenario."
            ],
            "Expected Result": "The Task Management functionality works as expected without errors."
        },
        {
            "Test Case ID": "MTD_TC_020",
            "Title": "Edge & Negative Cases - Automated Scenario 20",
            "Preconditions": "Microsoft To Do application is installed and user is logged in.",
            "Steps": [
                "Launch Microsoft To Do application.",
                "Navigate to Edge & Negative Cases section if applicable.",
                "Perform the intended action for this scenario."
            ],
            "Expected Result": "The Edge & Negative Cases functionality works as expected without errors."
        },
        {
            "Test Case ID": "MTD_TC_021",
            "Title": "Window Controls - Automated Scenario 21",
            "Preconditions": "Microsoft To Do application is installed and user is logged in.",
            "Steps": [
                "Launch Microsoft To Do application.",
                "Navigate to Window Controls section if applicable.",
                "Perform the intended action for this scenario."
            ],
            "Expected Result": "The Window Controls functionality works as expected without errors."
        },
        {
            "Test Case ID": "MTD_TC_022",
            "Title": "Navigation - Automated Scenario 22",
            "Preconditions": "Microsoft To Do application is installed and user is logged in.",
            "Steps": [
                "Launch Microsoft To Do application.",
                "Navigate to Navigation section if applicable.",
                "Perform the intended action for this scenario."
            ],
            "Expected Result": "The Navigation functionality works as expected without errors."
        },
        {
            "Test Case ID": "MTD_TC_023",
            "Title": "My Day - Automated Scenario 23",
            "Preconditions": "Microsoft To Do application is installed and user is logged in.",
            "Steps": [
                "Launch Microsoft To Do application.",
                "Navigate to My Day section if applicable.",
                "Perform the intended action for this scenario."
            ],
            "Expected Result": "The My Day functionality works as expected without errors."
        },
        {
            "Test Case ID": "MTD_TC_024",
            "Title": "Important - Automated Scenario 24",
            "Preconditions": "Microsoft To Do application is installed and user is logged in.",
            "Steps": [
                "Launch Microsoft To Do application.",
                "Navigate to Important section if applicable.",
                "Perform the intended action for this scenario."
            ],
            "Expected Result": "The Important functionality works as expected without errors."
        },
        {
            "Test Case ID": "MTD_TC_025",
            "Title": "Planned - Automated Scenario 25",
            "Preconditions": "Microsoft To Do application is installed and user is logged in.",
            "Steps": [
                "Launch Microsoft To Do application.",
                "Navigate to Planned section if applicable.",
                "Perform the intended action for this scenario."
            ],
            "Expected Result": "The Planned functionality works as expected without errors."
        },
        {
            "Test Case ID": "MTD_TC_026",
            "Title": "Tasks - Automated Scenario 26",
            "Preconditions": "Microsoft To Do application is installed and user is logged in.",
            "Steps": [
                "Launch Microsoft To Do application.",
                "Navigate to Tasks section if applicable.",
                "Perform the intended action for this scenario."
            ],
            "Expected Result": "The Tasks functionality works as expected without errors."
        },
        {
            "Test Case ID": "MTD_TC_027",
            "Title": "Profile - Automated Scenario 27",
            "Preconditions": "Microsoft To Do application is installed and user is logged in.",
            "Steps": [
                "Launch Microsoft To Do application.",
                "Navigate to Profile section if applicable.",
                "Perform the intended action for this scenario."
            ],
            "Expected Result": "The Profile functionality works as expected without errors."
        },
        {
            "Test Case ID": "MTD_TC_028",
            "Title": "List Management - Automated Scenario 28",
            "Preconditions": "Microsoft To Do application is installed and user is logged in.",
            "Steps": [
                "Launch Microsoft To Do application.",
                "Navigate to List Management section if applicable.",
                "Perform the intended action for this scenario."
            ],
            "Expected Result": "The List Management functionality works as expected without errors."
        },
        {
            "Test Case ID": "MTD_TC_029",
            "Title": "Task Management - Automated Scenario 29",
            "Preconditions": "Microsoft To Do application is installed and user is logged in.",
            "Steps": [
                "Launch Microsoft To Do application.",
                "Navigate to Task Management section if applicable.",
                "Perform the intended action for this scenario."
            ],
            "Expected Result": "The Task Management functionality works as expected without errors."
        },
        {
            "Test Case ID": "MTD_TC_030",
            "Title": "Edge & Negative Cases - Automated Scenario 30",
            "Preconditions": "Microsoft To Do application is installed and user is logged in.",
            "Steps": [
                "Launch Microsoft To Do application.",
                "Navigate to Edge & Negative Cases section if applicable.",
                "Perform the intended action for this scenario."
            ],
            "Expected Result": "The Edge & Negative Cases functionality works as expected without errors."
        },
        {
            "Test Case ID": "MTD_TC_031",
            "Title": "Window Controls - Automated Scenario 31",
            "Preconditions": "Microsoft To Do application is installed and user is logged in.",
            "Steps": [
                "Launch Microsoft To Do application.",
                "Navigate to Window Controls section if applicable.",
                "Perform the intended action for this scenario."
            ],
            "Expected Result": "The Window Controls functionality works as expected without errors."
        },
        {
            "Test Case ID": "MTD_TC_032",
            "Title": "Navigation - Automated Scenario 32",
            "Preconditions": "Microsoft To Do application is installed and user is logged in.",
            "Steps": [
                "Launch Microsoft To Do application.",
                "Navigate to Navigation section if applicable.",
                "Perform the intended action for this scenario."
            ],
            "Expected Result": "The Navigation functionality works as expected without errors."
        },
        {
            "Test Case ID": "MTD_TC_033",
            "Title": "My Day - Automated Scenario 33",
            "Preconditions": "Microsoft To Do application is installed and user is logged in.",
            "Steps": [
                "Launch Microsoft To Do application.",
                "Navigate to My Day section if applicable.",
                "Perform the intended action for this scenario."
            ],
            "Expected Result": "The My Day functionality works as expected without errors."
        },
        {
            "Test Case ID": "MTD_TC_034",
            "Title": "Important - Automated Scenario 34",
            "Preconditions": "Microsoft To Do application is installed and user is logged in.",
            "Steps": [
                "Launch Microsoft To Do application.",
                "Navigate to Important section if applicable.",
                "Perform the intended action for this scenario."
            ],
            "Expected Result": "The Important functionality works as expected without errors."
        },
        {
            "Test Case ID": "MTD_TC_035",
            "Title": "Planned - Automated Scenario 35",
            "Preconditions": "Microsoft To Do application is installed and user is logged in.",
            "Steps": [
                "Launch Microsoft To Do application.",
                "Navigate to Planned section if applicable.",
                "Perform the intended action for this scenario."
            ],
            "Expected Result": "The Planned functionality works as expected without errors."
        },
        {
            "Test Case ID": "MTD_TC_036",
            "Title": "Tasks - Automated Scenario 36",
            "Preconditions": "Microsoft To Do application is installed and user is logged in.",
            "Steps": [
                "Launch Microsoft To Do application.",
                "Navigate to Tasks section if applicable.",
                "Perform the intended action for this scenario."
            ],
            "Expected Result": "The Tasks functionality works as expected without errors."
        },
        {
            "Test Case ID": "MTD_TC_037",
            "Title": "Profile - Automated Scenario 37",
            "Preconditions": "Microsoft To Do application is installed and user is logged in.",
            "Steps": [
                "Launch Microsoft To Do application.",
                "Navigate to Profile section if applicable.",
                "Perform the intended action for this scenario."
            ],
            "Expected Result": "The Profile functionality works as expected without errors."
        },
        {
            "Test Case ID": "MTD_TC_038",
            "Title": "List Management - Automated Scenario 38",
            "Preconditions": "Microsoft To Do application is installed and user is logged in.",
            "Steps": [
                "Launch Microsoft To Do application.",
                "Navigate to List Management section if applicable.",
                "Perform the intended action for this scenario."
            ],
            "Expected Result": "The List Management functionality works as expected without errors."
        },
        {
            "Test Case ID": "MTD_TC_039",
            "Title": "Task Management - Automated Scenario 39",
            "Preconditions": "Microsoft To Do application is installed and user is logged in.",
            "Steps": [
                "Launch Microsoft To Do application.",
                "Navigate to Task Management section if applicable.",
                "Perform the intended action for this scenario."
            ],
            "Expected Result": "The Task Management functionality works as expected without errors."
        },
        {
            "Test Case ID": "MTD_TC_040",
            "Title": "Edge & Negative Cases - Automated Scenario 40",
            "Preconditions": "Microsoft To Do application is installed and user is logged in.",
            "Steps": [
                "Launch Microsoft To Do application.",
                "Navigate to Edge & Negative Cases section if applicable.",
                "Perform the intended action for this scenario."
            ],
            "Expected Result": "The Edge & Negative Cases functionality works as expected without errors."
        },
        {
            "Test Case ID": "MTD_TC_041",
            "Title": "Window Controls - Automated Scenario 41",
            "Preconditions": "Microsoft To Do application is installed and user is logged in.",
            "Steps": [
                "Launch Microsoft To Do application.",
                "Navigate to Window Controls section if applicable.",
                "Perform the intended action for this scenario."
            ],
            "Expected Result": "The Window Controls functionality works as expected without errors."
        },
        {
            "Test Case ID": "MTD_TC_042",
            "Title": "Navigation - Automated Scenario 42",
            "Preconditions": "Microsoft To Do application is installed and user is logged in.",
            "Steps": [
                "Launch Microsoft To Do application.",
                "Navigate to Navigation section if applicable.",
                "Perform the intended action for this scenario."
            ],
            "Expected Result": "The Navigation functionality works as expected without errors."
        },
        {
            "Test Case ID": "MTD_TC_043",
            "Title": "My Day - Automated Scenario 43",
            "Preconditions": "Microsoft To Do application is installed and user is logged in.",
            "Steps": [
                "Launch Microsoft To Do application.",
                "Navigate to My Day section if applicable.",
                "Perform the intended action for this scenario."
            ],
            "Expected Result": "The My Day functionality works as expected without errors."
        },
        {
            "Test Case ID": "MTD_TC_044",
            "Title": "Important - Automated Scenario 44",
            "Preconditions": "Microsoft To Do application is installed and user is logged in.",
            "Steps": [
                "Launch Microsoft To Do application.",
                "Navigate to Important section if applicable.",
                "Perform the intended action for this scenario."
            ],
            "Expected Result": "The Important functionality works as expected without errors."
        },
        {
            "Test Case ID": "MTD_TC_045",
            "Title": "Planned - Automated Scenario 45",
            "Preconditions": "Microsoft To Do application is installed and user is logged in.",
            "Steps": [
                "Launch Microsoft To Do application.",
                "Navigate to Planned section if applicable.",
                "Perform the intended action for this scenario."
            ],
            "Expected Result": "The Planned functionality works as expected without errors."
        },
        {
            "Test Case ID": "MTD_TC_046",
            "Title": "Tasks - Automated Scenario 46",
            "Preconditions": "Microsoft To Do application is installed and user is logged in.",
            "Steps": [
                "Launch Microsoft To Do application.",
                "Navigate to Tasks section if applicable.",
                "Perform the intended action for this scenario."
            ],
            "Expected Result": "The Tasks functionality works as expected without errors."
        },
        {
            "Test Case ID": "MTD_TC_047",
            "Title": "Profile - Automated Scenario 47",
            "Preconditions": "Microsoft To Do application is installed and user is logged in.",
            "Steps": [
                "Launch Microsoft To Do application.",
                "Navigate to Profile section if applicable.",
                "Perform the intended action for this scenario."
            ],
            "Expected Result": "The Profile functionality works as expected without errors."
        },
        {
            "Test Case ID": "MTD_TC_048",
            "Title": "List Management - Automated Scenario 48",
            "Preconditions": "Microsoft To Do application is installed and user is logged in.",
            "Steps": [
                "Launch Microsoft To Do application.",
                "Navigate to List Management section if applicable.",
                "Perform the intended action for this scenario."
            ],
            "Expected Result": "The List Management functionality works as expected without errors."
        },
        {
            "Test Case ID": "MTD_TC_049",
            "Title": "Task Management - Automated Scenario 49",
            "Preconditions": "Microsoft To Do application is installed and user is logged in.",
            "Steps": [
                "Launch Microsoft To Do application.",
                "Navigate to Task Management section if applicable.",
                "Perform the intended action for this scenario."
            ],
            "Expected Result": "The Task Management functionality works as expected without errors."
        },
        {
            "Test Case ID": "MTD_TC_050",
            "Title": "Edge & Negative Cases - Automated Scenario 50",
            "Preconditions": "Microsoft To Do application is installed and user is logged in.",
            "Steps": [
                "Launch Microsoft To Do application.",
                "Navigate to Edge & Negative Cases section if applicable.",
                "Perform the intended action for this scenario."
            ],
            "Expected Result": "The Edge & Negative Cases functionality works as expected without errors."
        },
        {
            "Test Case ID": "MTD_TC_051",
            "Title": "Window Controls - Automated Scenario 51",
            "Preconditions": "Microsoft To Do application is installed and user is logged in.",
            "Steps": [
                "Launch Microsoft To Do application.",
                "Navigate to Window Controls section if applicable.",
                "Perform the intended action for this scenario."
            ],
            "Expected Result": "The Window Controls functionality works as expected without errors."
        },
        {
            "Test Case ID": "MTD_TC_052",
            "Title": "Navigation - Automated Scenario 52",
            "Preconditions": "Microsoft To Do application is installed and user is logged in.",
            "Steps": [
                "Launch Microsoft To Do application.",
                "Navigate to Navigation section if applicable.",
                "Perform the intended action for this scenario."
            ],
            "Expected Result": "The Navigation functionality works as expected without errors."
        },
        {
            "Test Case ID": "MTD_TC_053",
            "Title": "My Day - Automated Scenario 53",
            "Preconditions": "Microsoft To Do application is installed and user is logged in.",
            "Steps": [
                "Launch Microsoft To Do application.",
                "Navigate to My Day section if applicable.",
                "Perform the intended action for this scenario."
            ],
            "Expected Result": "The My Day functionality works as expected without errors."
        },
        {
            "Test Case ID": "MTD_TC_054",
            "Title": "Important - Automated Scenario 54",
            "Preconditions": "Microsoft To Do application is installed and user is logged in.",
            "Steps": [
                "Launch Microsoft To Do application.",
                "Navigate to Important section if applicable.",
                "Perform the intended action for this scenario."
            ],
            "Expected Result": "The Important functionality works as expected without errors."
        },
        {
            "Test Case ID": "MTD_TC_055",
            "Title": "Planned - Automated Scenario 55",
            "Preconditions": "Microsoft To Do application is installed and user is logged in.",
            "Steps": [
                "Launch Microsoft To Do application.",
                "Navigate to Planned section if applicable.",
                "Perform the intended action for this scenario."
            ],
            "Expected Result": "The Planned functionality works as expected without errors."
        },
        {
            "Test Case ID": "MTD_TC_056",
            "Title": "Tasks - Automated Scenario 56",
            "Preconditions": "Microsoft To Do application is installed and user is logged in.",
            "Steps": [
                "Launch Microsoft To Do application.",
                "Navigate to Tasks section if applicable.",
                "Perform the intended action for this scenario."
            ],
            "Expected Result": "The Tasks functionality works as expected without errors."
        },
        {
            "Test Case ID": "MTD_TC_057",
            "Title": "Profile - Automated Scenario 57",
            "Preconditions": "Microsoft To Do application is installed and user is logged in.",
            "Steps": [
                "Launch Microsoft To Do application.",
                "Navigate to Profile section if applicable.",
                "Perform the intended action for this scenario."
            ],
            "Expected Result": "The Profile functionality works as expected without errors."
        },
        {
            "Test Case ID": "MTD_TC_058",
            "Title": "List Management - Automated Scenario 58",
            "Preconditions": "Microsoft To Do application is installed and user is logged in.",
            "Steps": [
                "Launch Microsoft To Do application.",
                "Navigate to List Management section if applicable.",
                "Perform the intended action for this scenario."
            ],
            "Expected Result": "The List Management functionality works as expected without errors."
        },
        {
            "Test Case ID": "MTD_TC_059",
            "Title": "Task Management - Automated Scenario 59",
            "Preconditions": "Microsoft To Do application is installed and user is logged in.",
            "Steps": [
                "Launch Microsoft To Do application.",
                "Navigate to Task Management section if applicable.",
                "Perform the intended action for this scenario."
            ],
            "Expected Result": "The Task Management functionality works as expected without errors."
        },
        {
            "Test Case ID": "MTD_TC_060",
            "Title": "Edge & Negative Cases - Automated Scenario 60",
            "Preconditions": "Microsoft To Do application is installed and user is logged in.",
            "Steps": [
                "Launch Microsoft To Do application.",
                "Navigate to Edge & Negative Cases section if applicable.",
                "Perform the intended action for this scenario."
            ],
            "Expected Result": "The Edge & Negative Cases functionality works as expected without errors."
        },
        {
            "Test Case ID": "MTD_TC_061",
            "Title": "Window Controls - Automated Scenario 61",
            "Preconditions": "Microsoft To Do application is installed and user is logged in.",
            "Steps": [
                "Launch Microsoft To Do application.",
                "Navigate to Window Controls section if applicable.",
                "Perform the intended action for this scenario."
            ],
            "Expected Result": "The Window Controls functionality works as expected without errors."
        },
        {
            "Test Case ID": "MTD_TC_062",
            "Title": "Navigation - Automated Scenario 62",
            "Preconditions": "Microsoft To Do application is installed and user is logged in.",
            "Steps": [
                "Launch Microsoft To Do application.",
                "Navigate to Navigation section if applicable.",
                "Perform the intended action for this scenario."
            ],
            "Expected Result": "The Navigation functionality works as expected without errors."
        },
        {
            "Test Case ID": "MTD_TC_063",
            "Title": "My Day - Automated Scenario 63",
            "Preconditions": "Microsoft To Do application is installed and user is logged in.",
            "Steps": [
                "Launch Microsoft To Do application.",
                "Navigate to My Day section if applicable.",
                "Perform the intended action for this scenario."
            ],
            "Expected Result": "The My Day functionality works as expected without errors."
        },
        {
            "Test Case ID": "MTD_TC_064",
            "Title": "Important - Automated Scenario 64",
            "Preconditions": "Microsoft To Do application is installed and user is logged in.",
            "Steps": [
                "Launch Microsoft To Do application.",
                "Navigate to Important section if applicable.",
                "Perform the intended action for this scenario."
            ],
            "Expected Result": "The Important functionality works as expected without errors."
        },
        {
            "Test Case ID": "MTD_TC_065",
            "Title": "Planned - Automated Scenario 65",
            "Preconditions": "Microsoft To Do application is installed and user is logged in.",
            "Steps": [
                "Launch Microsoft To Do application.",
                "Navigate to Planned section if applicable.",
                "Perform the intended action for this scenario."
            ],
            "Expected Result": "The Planned functionality works as expected without errors."
        },
        {
            "Test Case ID": "MTD_TC_066",
            "Title": "Tasks - Automated Scenario 66",
            "Preconditions": "Microsoft To Do application is installed and user is logged in.",
            "Steps": [
                "Launch Microsoft To Do application.",
                "Navigate to Tasks section if applicable.",
                "Perform the intended action for this scenario."
            ],
            "Expected Result": "The Tasks functionality works as expected without errors."
        },
        {
            "Test Case ID": "MTD_TC_067",
            "Title": "Profile - Automated Scenario 67",
            "Preconditions": "Microsoft To Do application is installed and user is logged in.",
            "Steps": [
                "Launch Microsoft To Do application.",
                "Navigate to Profile section if applicable.",
                "Perform the intended action for this scenario."
            ],
            "Expected Result": "The Profile functionality works as expected without errors."
        },
        {
            "Test Case ID": "MTD_TC_068",
            "Title": "List Management - Automated Scenario 68",
            "Preconditions": "Microsoft To Do application is installed and user is logged in.",
            "Steps": [
                "Launch Microsoft To Do application.",
                "Navigate to List Management section if applicable.",
                "Perform the intended action for this scenario."
            ],
            "Expected Result": "The List Management functionality works as expected without errors."
        },
        {
            "Test Case ID": "MTD_TC_069",
            "Title": "Task Management - Automated Scenario 69",
            "Preconditions": "Microsoft To Do application is installed and user is logged in.",
            "Steps": [
                "Launch Microsoft To Do application.",
                "Navigate to Task Management section if applicable.",
                "Perform the intended action for this scenario."
            ],
            "Expected Result": "The Task Management functionality works as expected without errors."
        },
        {
            "Test Case ID": "MTD_TC_070",
            "Title": "Edge & Negative Cases - Automated Scenario 70",
            "Preconditions": "Microsoft To Do application is installed and user is logged in.",
            "Steps": [
                "Launch Microsoft To Do application.",
                "Navigate to Edge & Negative Cases section if applicable.",
                "Perform the intended action for this scenario."
            ],
            "Expected Result": "The Edge & Negative Cases functionality works as expected without errors."
        },
        {
            "Test Case ID": "MTD_TC_071",
            "Title": "Window Controls - Automated Scenario 71",
            "Preconditions": "Microsoft To Do application is installed and user is logged in.",
            "Steps": [
                "Launch Microsoft To Do application.",
                "Navigate to Window Controls section if applicable.",
                "Perform the intended action for this scenario."
            ],
            "Expected Result": "The Window Controls functionality works as expected without errors."
        },
        {
            "Test Case ID": "MTD_TC_072",
            "Title": "Navigation - Automated Scenario 72",
            "Preconditions": "Microsoft To Do application is installed and user is logged in.",
            "Steps": [
                "Launch Microsoft To Do application.",
                "Navigate to Navigation section if applicable.",
                "Perform the intended action for this scenario."
            ],
            "Expected Result": "The Navigation functionality works as expected without errors."
        },
        {
            "Test Case ID": "MTD_TC_073",
            "Title": "My Day - Automated Scenario 73",
            "Preconditions": "Microsoft To Do application is installed and user is logged in.",
            "Steps": [
                "Launch Microsoft To Do application.",
                "Navigate to My Day section if applicable.",
                "Perform the intended action for this scenario."
            ],
            "Expected Result": "The My Day functionality works as expected without errors."
        },
        {
            "Test Case ID": "MTD_TC_074",
            "Title": "Important - Automated Scenario 74",
            "Preconditions": "Microsoft To Do application is installed and user is logged in.",
            "Steps": [
                "Launch Microsoft To Do application.",
                "Navigate to Important section if applicable.",
                "Perform the intended action for this scenario."
            ],
            "Expected Result": "The Important functionality works as expected without errors."
        },
        {
            "Test Case ID": "MTD_TC_075",
            "Title": "Planned - Automated Scenario 75",
            "Preconditions": "Microsoft To Do application is installed and user is logged in.",
            "Steps": [
                "Launch Microsoft To Do application.",
                "Navigate to Planned section if applicable.",
                "Perform the intended action for this scenario."
            ],
            "Expected Result": "The Planned functionality works as expected without errors."
        },
        {
            "Test Case ID": "MTD_TC_076",
            "Title": "Tasks - Automated Scenario 76",
            "Preconditions": "Microsoft To Do application is installed and user is logged in.",
            "Steps": [
                "Launch Microsoft To Do application.",
                "Navigate to Tasks section if applicable.",
                "Perform the intended action for this scenario."
            ],
            "Expected Result": "The Tasks functionality works as expected without errors."
        },
        {
            "Test Case ID": "MTD_TC_077",
            "Title": "Profile - Automated Scenario 77",
            "Preconditions": "Microsoft To Do application is installed and user is logged in.",
            "Steps": [
                "Launch Microsoft To Do application.",
                "Navigate to Profile section if applicable.",
                "Perform the intended action for this scenario."
            ],
            "Expected Result": "The Profile functionality works as expected without errors."
        },
        {
            "Test Case ID": "MTD_TC_078",
            "Title": "List Management - Automated Scenario 78",
            "Preconditions": "Microsoft To Do application is installed and user is logged in.",
            "Steps": [
                "Launch Microsoft To Do application.",
                "Navigate to List Management section if applicable.",
                "Perform the intended action for this scenario."
            ],
            "Expected Result": "The List Management functionality works as expected without errors."
        },
        {
            "Test Case ID": "MTD_TC_079",
            "Title": "Task Management - Automated Scenario 79",
            "Preconditions": "Microsoft To Do application is installed and user is logged in.",
            "Steps": [
                "Launch Microsoft To Do application.",
                "Navigate to Task Management section if applicable.",
                "Perform the intended action for this scenario."
            ],
            "Expected Result": "The Task Management functionality works as expected without errors."
        },
        {
            "Test Case ID": "MTD_TC_080",
            "Title": "Edge & Negative Cases - Automated Scenario 80",
            "Preconditions": "Microsoft To Do application is installed and user is logged in.",
            "Steps": [
                "Launch Microsoft To Do application.",
                "Navigate to Edge & Negative Cases section if applicable.",
                "Perform the intended action for this scenario."
            ],
            "Expected Result": "The Edge & Negative Cases functionality works as expected without errors."
        },
        {
            "Test Case ID": "MTD_TC_081",
            "Title": "Window Controls - Automated Scenario 81",
            "Preconditions": "Microsoft To Do application is installed and user is logged in.",
            "Steps": [
                "Launch Microsoft To Do application.",
                "Navigate to Window Controls section if applicable.",
                "Perform the intended action for this scenario."
            ],
            "Expected Result": "The Window Controls functionality works as expected without errors."
        },
        {
            "Test Case ID": "MTD_TC_082",
            "Title": "Navigation - Automated Scenario 82",
            "Preconditions": "Microsoft To Do application is installed and user is logged in.",
            "Steps": [
                "Launch Microsoft To Do application.",
                "Navigate to Navigation section if applicable.",
                "Perform the intended action for this scenario."
            ],
            "Expected Result": "The Navigation functionality works as expected without errors."
        },
        {
            "Test Case ID": "MTD_TC_083",
            "Title": "My Day - Automated Scenario 83",
            "Preconditions": "Microsoft To Do application is installed and user is logged in.",
            "Steps": [
                "Launch Microsoft To Do application.",
                "Navigate to My Day section if applicable.",
                "Perform the intended action for this scenario."
            ],
            "Expected Result": "The My Day functionality works as expected without errors."
        },
        {
            "Test Case ID": "MTD_TC_084",
            "Title": "Important - Automated Scenario 84",
            "Preconditions": "Microsoft To Do application is installed and user is logged in.",
            "Steps": [
                "Launch Microsoft To Do application.",
                "Navigate to Important section if applicable.",
                "Perform the intended action for this scenario."
            ],
            "Expected Result": "The Important functionality works as expected without errors."
        },
        {
            "Test Case ID": "MTD_TC_085",
            "Title": "Planned - Automated Scenario 85",
            "Preconditions": "Microsoft To Do application is installed and user is logged in.",
            "Steps": [
                "Launch Microsoft To Do application.",
                "Navigate to Planned section if applicable.",
                "Perform the intended action for this scenario."
            ],
            "Expected Result": "The Planned functionality works as expected without errors."
        },
        {
            "Test Case ID": "MTD_TC_086",
            "Title": "Tasks - Automated Scenario 86",
            "Preconditions": "Microsoft To Do application is installed and user is logged in.",
            "Steps": [
                "Launch Microsoft To Do application.",
                "Navigate to Tasks section if applicable.",
                "Perform the intended action for this scenario."
            ],
            "Expected Result": "The Tasks functionality works as expected without errors."
        },
        {
            "Test Case ID": "MTD_TC_087",
            "Title": "Profile - Automated Scenario 87",
            "Preconditions": "Microsoft To Do application is installed and user is logged in.",
            "Steps": [
                "Launch Microsoft To Do application.",
                "Navigate to Profile section if applicable.",
                "Perform the intended action for this scenario."
            ],
            "Expected Result": "The Profile functionality works as expected without errors."
        },
        {
            "Test Case ID": "MTD_TC_088",
            "Title": "List Management - Automated Scenario 88",
            "Preconditions": "Microsoft To Do application is installed and user is logged in.",
            "Steps": [
                "Launch Microsoft To Do application.",
                "Navigate to List Management section if applicable.",
                "Perform the intended action for this scenario."
            ],
            "Expected Result": "The List Management functionality works as expected without errors."
        },
        {
            "Test Case ID": "MTD_TC_089",
            "Title": "Task Management - Automated Scenario 89",
            "Preconditions": "Microsoft To Do application is installed and user is logged in.",
            "Steps": [
                "Launch Microsoft To Do application.",
                "Navigate to Task Management section if applicable.",
                "Perform the intended action for this scenario."
            ],
            "Expected Result": "The Task Management functionality works as expected without errors."
        },
        {
            "Test Case ID": "MTD_TC_090",
            "Title": "Edge & Negative Cases - Automated Scenario 90",
            "Preconditions": "Microsoft To Do application is installed and user is logged in.",
            "Steps": [
                "Launch Microsoft To Do application.",
                "Navigate to Edge & Negative Cases section if applicable.",
                "Perform the intended action for this scenario."
            ],
            "Expected Result": "The Edge & Negative Cases functionality works as expected without errors."
        },
        {
            "Test Case ID": "MTD_TC_091",
            "Title": "Window Controls - Automated Scenario 91",
            "Preconditions": "Microsoft To Do application is installed and user is logged in.",
            "Steps": [
                "Launch Microsoft To Do application.",
                "Navigate to Window Controls section if applicable.",
                "Perform the intended action for this scenario."
            ],
            "Expected Result": "The Window Controls functionality works as expected without errors."
        },
        {
            "Test Case ID": "MTD_TC_092",
            "Title": "Navigation - Automated Scenario 92",
            "Preconditions": "Microsoft To Do application is installed and user is logged in.",
            "Steps": [
                "Launch Microsoft To Do application.",
                "Navigate to Navigation section if applicable.",
                "Perform the intended action for this scenario."
            ],
            "Expected Result": "The Navigation functionality works as expected without errors."
        },
        {
            "Test Case ID": "MTD_TC_093",
            "Title": "My Day - Automated Scenario 93",
            "Preconditions": "Microsoft To Do application is installed and user is logged in.",
            "Steps": [
                "Launch Microsoft To Do application.",
                "Navigate to My Day section if applicable.",
                "Perform the intended action for this scenario."
            ],
            "Expected Result": "The My Day functionality works as expected without errors."
        },
        {
            "Test Case ID": "MTD_TC_094",
            "Title": "Important - Automated Scenario 94",
            "Preconditions": "Microsoft To Do application is installed and user is logged in.",
            "Steps": [
                "Launch Microsoft To Do application.",
                "Navigate to Important section if applicable.",
                "Perform the intended action for this scenario."
            ],
            "Expected Result": "The Important functionality works as expected without errors."
        },
        {
            "Test Case ID": "MTD_TC_095",
            "Title": "Planned - Automated Scenario 95",
            "Preconditions": "Microsoft To Do application is installed and user is logged in.",
            "Steps": [
                "Launch Microsoft To Do application.",
                "Navigate to Planned section if applicable.",
                "Perform the intended action for this scenario."
            ],
            "Expected Result": "The Planned functionality works as expected without errors."
        },
        {
            "Test Case ID": "MTD_TC_096",
            "Title": "Tasks - Automated Scenario 96",
            "Preconditions": "Microsoft To Do application is installed and user is logged in.",
            "Steps": [
                "Launch Microsoft To Do application.",
                "Navigate to Tasks section if applicable.",
                "Perform the intended action for this scenario."
            ],
            "Expected Result": "The Tasks functionality works as expected without errors."
        },
        {
            "Test Case ID": "MTD_TC_097",
            "Title": "Profile - Automated Scenario 97",
            "Preconditions": "Microsoft To Do application is installed and user is logged in.",
            "Steps": [
                "Launch Microsoft To Do application.",
                "Navigate to Profile section if applicable.",
                "Perform the intended action for this scenario."
            ],
            "Expected Result": "The Profile functionality works as expected without errors."
        },
        {
            "Test Case ID": "MTD_TC_098",
            "Title": "List Management - Automated Scenario 98",
            "Preconditions": "Microsoft To Do application is installed and user is logged in.",
            "Steps": [
                "Launch Microsoft To Do application.",
                "Navigate to List Management section if applicable.",
                "Perform the intended action for this scenario."
            ],
            "Expected Result": "The List Management functionality works as expected without errors."
        },
        {
            "Test Case ID": "MTD_TC_099",
            "Title": "Task Management - Automated Scenario 99",
            "Preconditions": "Microsoft To Do application is installed and user is logged in.",
            "Steps": [
                "Launch Microsoft To Do application.",
                "Navigate to Task Management section if applicable.",
                "Perform the intended action for this scenario."
            ],
            "Expected Result": "The Task Management functionality works as expected without errors."
        },
        {
            "Test Case ID": "MTD_TC_100",
            "Title": "Edge & Negative Cases - Automated Scenario 100",
            "Preconditions": "Microsoft To Do application is installed and user is logged in.",
            "Steps": [
                "Launch Microsoft To Do application.",
                "Navigate to Edge & Negative Cases section if applicable.",
                "Perform the intended action for this scenario."
            ],
            "Expected Result": "The Edge & Negative Cases functionality works as expected without errors."
        }
    
}