{
  
    {
      "testcase_id": "MTD_AAA_001",
      "title": "Validate Maximize Window",
      "preconditions": "Microsoft To Do application is installed and launchable.",
      "steps": {
        "Arrange": "Launch application and open My Day.",
        "Act": "Click Maximize button.",
        "Assert": "Window is maximized."
      },
      "expected_output": "Window is maximized."
    },
    {
      "testcase_id": "MTD_AAA_002",
      "title": "Validate Minimize Window",
      "preconditions": "Microsoft To Do application is installed and launchable.",
      "steps": {
        "Arrange": "Launch application and open My Day.",
        "Act": "Click Minimize button.",
        "Assert": "Window is minimized."
      },
      "expected_output": "Window is minimized."
    },
    {
      "testcase_id": "MTD_AAA_003",
      "title": "Validate Open My Day",
      "preconditions": "Microsoft To Do application is installed and launchable.",
      "steps": {
        "Arrange": "Launch application.",
        "Act": "Click My Day menu.",
        "Assert": "My Day page is displayed."
      },
      "expected_output": "My Day page is displayed."
    },
    {
      "testcase_id": "MTD_AAA_004",
      "title": "Validate Open Important",
      "preconditions": "Microsoft To Do application is installed and launchable.",
      "steps": {
        "Arrange": "Launch application.",
        "Act": "Click Important menu.",
        "Assert": "Important page is displayed."
      },
      "expected_output": "Important page is displayed."
    },
    {
      "testcase_id": "MTD_AAA_005",
      "title": "Validate Open Planned",
      "preconditions": "Microsoft To Do application is installed and launchable.",
      "steps": {
        "Arrange": "Launch application.",
        "Act": "Click Planned menu.",
        "Assert": "Planned page is displayed."
      },
      "expected_output": "Planned page is displayed."
    },
    {
      "testcase_id": "MTD_AAA_006",
      "title": "Validate Open Tasks",
      "preconditions": "Microsoft To Do application is installed and launchable.",
      "steps": {
        "Arrange": "Launch application.",
        "Act": "Click Tasks menu.",
        "Assert": "Tasks page is displayed."
      },
      "expected_output": "Tasks page is displayed."
    },
    {
      "testcase_id": "MTD_AAA_007",
      "title": "Validate Open Assigned To Me",
      "preconditions": "Microsoft To Do application is installed and launchable.",
      "steps": {
        "Arrange": "Launch application.",
        "Act": "Click Assigned To Me menu.",
        "Assert": "Assigned To Me page is displayed."
      },
      "expected_output": "Assigned To Me page is displayed."
    },
    {
      "testcase_id": "MTD_AAA_008",
      "title": "Validate Open Flagged Email",
      "preconditions": "Microsoft To Do application is installed and launchable.",
      "steps": {
        "Arrange": "Launch application.",
        "Act": "Click Flagged Email menu.",
        "Assert": "Flagged Email page is displayed."
      },
      "expected_output": "Flagged Email page is displayed."
    },
    {
      "testcase_id": "MTD_AAA_009",
      "title": "Validate Enable Keep On Top",
      "preconditions": "Microsoft To Do application is installed and launchable.",
      "steps": {
        "Arrange": "Launch application and open My Day.",
        "Act": "Click Keep On Top button.",
        "Assert": "Compact mode is enabled."
      },
      "expected_output": "Compact mode is enabled."
    },
    {
      "testcase_id": "MTD_AAA_010",
      "title": "Validate Disable Keep On Top",
      "preconditions": "Microsoft To Do application is installed and launchable.",
      "steps": {
        "Arrange": "Enable Keep On Top mode.",
        "Act": "Click Back To Full View button.",
        "Assert": "Full view is restored."
      },
      "expected_output": "Full view is restored."
    },
    {
      "testcase_id": "MTD_AAA_011",
      "title": "Validate Open Suggestions",
      "preconditions": "Microsoft To Do application is installed and launchable.",
      "steps": {
        "Arrange": "Launch application and open My Day.",
        "Act": "Click Suggestions button.",
        "Assert": "Suggestions panel is displayed."
      },
      "expected_output": "Suggestions panel is displayed."
    },
    {
      "testcase_id": "MTD_AAA_012",
      "title": "Validate Click Add Task",
      "preconditions": "Microsoft To Do application is installed and launchable.",
      "steps": {
        "Arrange": "Launch application and open My Day.",
        "Act": "Click Add Task button.",
        "Assert": "Add Task textbox is visible."
      },
      "expected_output": "Add Task textbox is visible."
    },
    {
      "testcase_id": "MTD_AAA_013",
      "title": "Validate View Task Details",
      "preconditions": "Microsoft To Do application is installed and launchable.",
      "steps": {
        "Arrange": "Create or select existing task.",
        "Act": "Click task item.",
        "Assert": "Task detail pane is displayed."
      },
      "expected_output": "Task detail pane is displayed."
    },
    {
      "testcase_id": "MTD_AAA_014",
      "title": "Validate Dismiss Detail View",
      "preconditions": "Microsoft To Do application is installed and launchable.",
      "steps": {
        "Arrange": "Open task detail pane.",
        "Act": "Click Dismiss Detail View button.",
        "Assert": "Task detail pane closes."
      },
      "expected_output": "Task detail pane closes."
    },
    {
      "testcase_id": "MTD_AAA_015",
      "title": "Validate Open Profile Menu",
      "preconditions": "Microsoft To Do application is installed and launchable.",
      "steps": {
        "Arrange": "Launch application.",
        "Act": "Click Profile button.",
        "Assert": "Profile dropdown is displayed."
      },
      "expected_output": "Profile dropdown is displayed."
    },
    {
      "testcase_id": "MTD_AAA_016",
      "title": "Validate Open Manage Accounts",
      "preconditions": "Microsoft To Do application is installed and launchable.",
      "steps": {
        "Arrange": "Open Profile menu.",
        "Act": "Click Manage Accounts option.",
        "Assert": "Manage Accounts page is displayed."
      },
      "expected_output": "Manage Accounts page is displayed."
    },
    {
      "testcase_id": "MTD_AAA_017",
      "title": "Validate Open Settings",
      "preconditions": "Microsoft To Do application is installed and launchable.",
      "steps": {
        "Arrange": "Open Profile menu.",
        "Act": "Click Settings option.",
        "Assert": "Settings page is displayed."
      },
      "expected_output": "Settings page is displayed."
    },
    {
      "testcase_id": "MTD_AAA_018",
      "title": "Validate Create New List",
      "preconditions": "Microsoft To Do application is installed and launchable.",
      "steps": {
        "Arrange": "Launch application.",
        "Act": "Click New List button.",
        "Assert": "New list is created and visible."
      },
      "expected_output": "New list is created and visible."
    },
    {
      "testcase_id": "MTD_AAA_019",
      "title": "Validate Verify Last Created List",
      "preconditions": "Microsoft To Do application is installed and launchable.",
      "steps": {
        "Arrange": "Create a new list.",
        "Act": "Observe last list item.",
        "Assert": "Last created list is displayed."
      },
      "expected_output": "Last created list is displayed."
    },
    {
      "testcase_id": "MTD_AAA_020",
      "title": "Validate Add Task To List",
      "preconditions": "Microsoft To Do application is installed and launchable.",
      "steps": {
        "Arrange": "Open a list.",
        "Act": "Enter task in Add Task textbox and press Enter.",
        "Assert": "Task is added to list."
      },
      "expected_output": "Task is added to list."
    },
    {
      "testcase_id": "MTD_AAA_021",
      "title": "Validate Edit Task",
      "preconditions": "Microsoft To Do application is installed and launchable.",
      "steps": {
        "Arrange": "Select an existing task.",
        "Act": "Modify task text and save.",
        "Assert": "Task updates successfully."
      },
      "expected_output": "Task updates successfully."
    },
    {
      "testcase_id": "MTD_AAA_022",
      "title": "Validate Delete List",
      "preconditions": "Microsoft To Do application is installed and launchable.",
      "steps": {
        "Arrange": "Create a new list.",
        "Act": "Click Delete List option.",
        "Assert": "List is removed from sidebar."
      },
      "expected_output": "List is removed from sidebar."
    },
    {
      "testcase_id": "MTD_AAA_023",
      "title": "Validate Print List",
      "preconditions": "Microsoft To Do application is installed and launchable.",
      "steps": {
        "Arrange": "Open a list.",
        "Act": "Click Print List option.",
        "Assert": "Print dialog appears."
      },
      "expected_output": "Print dialog appears."
    },
    {
      "testcase_id": "MTD_AAA_024",
      "title": "Validate Search Existing Task",
      "preconditions": "Microsoft To Do application is installed and launchable.",
      "steps": {
        "Arrange": "Ensure at least one task exists.",
        "Act": "Search using existing task name.",
        "Assert": "Matching task appears in results."
      },
      "expected_output": "Matching task appears in results."
    },
    {
      "testcase_id": "MTD_AAA_025",
      "title": "Validate Search Invalid Task",
      "preconditions": "Microsoft To Do application is installed and launchable.",
      "steps": {
        "Arrange": "Launch application.",
        "Act": "Search using invalid keyword.",
        "Assert": "No matching tasks are displayed."
      },
      "expected_output": "No matching tasks are displayed."
    },
    {
      "testcase_id": "MTD_AAA_026",
      "title": "Validate Maximize Window",
      "preconditions": "Microsoft To Do application is installed and launchable.",
      "steps": {
        "Arrange": "Launch application and open My Day.",
        "Act": "Click Maximize button.",
        "Assert": "Window is maximized."
      },
      "expected_output": "Window is maximized."
    },
    {
      "testcase_id": "MTD_AAA_027",
      "title": "Validate Minimize Window",
      "preconditions": "Microsoft To Do application is installed and launchable.",
      "steps": {
        "Arrange": "Launch application and open My Day.",
        "Act": "Click Minimize button.",
        "Assert": "Window is minimized."
      },
      "expected_output": "Window is minimized."
    },
    {
      "testcase_id": "MTD_AAA_028",
      "title": "Validate Open My Day",
      "preconditions": "Microsoft To Do application is installed and launchable.",
      "steps": {
        "Arrange": "Launch application.",
        "Act": "Click My Day menu.",
        "Assert": "My Day page is displayed."
      },
      "expected_output": "My Day page is displayed."
    },
    {
      "testcase_id": "MTD_AAA_029",
      "title": "Validate Open Important",
      "preconditions": "Microsoft To Do application is installed and launchable.",
      "steps": {
        "Arrange": "Launch application.",
        "Act": "Click Important menu.",
        "Assert": "Important page is displayed."
      },
      "expected_output": "Important page is displayed."
    },
    {
      "testcase_id": "MTD_AAA_030",
      "title": "Validate Open Planned",
      "preconditions": "Microsoft To Do application is installed and launchable.",
      "steps": {
        "Arrange": "Launch application.",
        "Act": "Click Planned menu.",
        "Assert": "Planned page is displayed."
      },
      "expected_output": "Planned page is displayed."
    },
    {
      "testcase_id": "MTD_AAA_031",
      "title": "Validate Open Tasks",
      "preconditions": "Microsoft To Do application is installed and launchable.",
      "steps": {
        "Arrange": "Launch application.",
        "Act": "Click Tasks menu.",
        "Assert": "Tasks page is displayed."
      },
      "expected_output": "Tasks page is displayed."
    },
    {
      "testcase_id": "MTD_AAA_032",
      "title": "Validate Open Assigned To Me",
      "preconditions": "Microsoft To Do application is installed and launchable.",
      "steps": {
        "Arrange": "Launch application.",
        "Act": "Click Assigned To Me menu.",
        "Assert": "Assigned To Me page is displayed."
      },
      "expected_output": "Assigned To Me page is displayed."
    },
    {
      "testcase_id": "MTD_AAA_033",
      "title": "Validate Open Flagged Email",
      "preconditions": "Microsoft To Do application is installed and launchable.",
      "steps": {
        "Arrange": "Launch application.",
        "Act": "Click Flagged Email menu.",
        "Assert": "Flagged Email page is displayed."
      },
      "expected_output": "Flagged Email page is displayed."
    },
    {
      "testcase_id": "MTD_AAA_034",
      "title": "Validate Enable Keep On Top",
      "preconditions": "Microsoft To Do application is installed and launchable.",
      "steps": {
        "Arrange": "Launch application and open My Day.",
        "Act": "Click Keep On Top button.",
        "Assert": "Compact mode is enabled."
      },
      "expected_output": "Compact mode is enabled."
    },
    {
      "testcase_id": "MTD_AAA_035",
      "title": "Validate Disable Keep On Top",
      "preconditions": "Microsoft To Do application is installed and launchable.",
      "steps": {
        "Arrange": "Enable Keep On Top mode.",
        "Act": "Click Back To Full View button.",
        "Assert": "Full view is restored."
      },
      "expected_output": "Full view is restored."
    },
    {
      "testcase_id": "MTD_AAA_036",
      "title": "Validate Open Suggestions",
      "preconditions": "Microsoft To Do application is installed and launchable.",
      "steps": {
        "Arrange": "Launch application and open My Day.",
        "Act": "Click Suggestions button.",
        "Assert": "Suggestions panel is displayed."
      },
      "expected_output": "Suggestions panel is displayed."
    },
    {
      "testcase_id": "MTD_AAA_037",
      "title": "Validate Click Add Task",
      "preconditions": "Microsoft To Do application is installed and launchable.",
      "steps": {
        "Arrange": "Launch application and open My Day.",
        "Act": "Click Add Task button.",
        "Assert": "Add Task textbox is visible."
      },
      "expected_output": "Add Task textbox is visible."
    },
    {
      "testcase_id": "MTD_AAA_038",
      "title": "Validate View Task Details",
      "preconditions": "Microsoft To Do application is installed and launchable.",
      "steps": {
        "Arrange": "Create or select existing task.",
        "Act": "Click task item.",
        "Assert": "Task detail pane is displayed."
      },
      "expected_output": "Task detail pane is displayed."
    },
    {
      "testcase_id": "MTD_AAA_039",
      "title": "Validate Dismiss Detail View",
      "preconditions": "Microsoft To Do application is installed and launchable.",
      "steps": {
        "Arrange": "Open task detail pane.",
        "Act": "Click Dismiss Detail View button.",
        "Assert": "Task detail pane closes."
      },
      "expected_output": "Task detail pane closes."
    },
    {
      "testcase_id": "MTD_AAA_040",
      "title": "Validate Open Profile Menu",
      "preconditions": "Microsoft To Do application is installed and launchable.",
      "steps": {
        "Arrange": "Launch application.",
        "Act": "Click Profile button.",
        "Assert": "Profile dropdown is displayed."
      },
      "expected_output": "Profile dropdown is displayed."
    },
    {
      "testcase_id": "MTD_AAA_041",
      "title": "Validate Open Manage Accounts",
      "preconditions": "Microsoft To Do application is installed and launchable.",
      "steps": {
        "Arrange": "Open Profile menu.",
        "Act": "Click Manage Accounts option.",
        "Assert": "Manage Accounts page is displayed."
      },
      "expected_output": "Manage Accounts page is displayed."
    },
    {
      "testcase_id": "MTD_AAA_042",
      "title": "Validate Open Settings",
      "preconditions": "Microsoft To Do application is installed and launchable.",
      "steps": {
        "Arrange": "Open Profile menu.",
        "Act": "Click Settings option.",
        "Assert": "Settings page is displayed."
      },
      "expected_output": "Settings page is displayed."
    },
    {
      "testcase_id": "MTD_AAA_043",
      "title": "Validate Create New List",
      "preconditions": "Microsoft To Do application is installed and launchable.",
      "steps": {
        "Arrange": "Launch application.",
        "Act": "Click New List button.",
        "Assert": "New list is created and visible."
      },
      "expected_output": "New list is created and visible."
    },
    {
      "testcase_id": "MTD_AAA_044",
      "title": "Validate Verify Last Created List",
      "preconditions": "Microsoft To Do application is installed and launchable.",
      "steps": {
        "Arrange": "Create a new list.",
        "Act": "Observe last list item.",
        "Assert": "Last created list is displayed."
      },
      "expected_output": "Last created list is displayed."
    },
    {
      "testcase_id": "MTD_AAA_045",
      "title": "Validate Add Task To List",
      "preconditions": "Microsoft To Do application is installed and launchable.",
      "steps": {
        "Arrange": "Open a list.",
        "Act": "Enter task in Add Task textbox and press Enter.",
        "Assert": "Task is added to list."
      },
      "expected_output": "Task is added to list."
    },
    {
      "testcase_id": "MTD_AAA_046",
      "title": "Validate Edit Task",
      "preconditions": "Microsoft To Do application is installed and launchable.",
      "steps": {
        "Arrange": "Select an existing task.",
        "Act": "Modify task text and save.",
        "Assert": "Task updates successfully."
      },
      "expected_output": "Task updates successfully."
    },
    {
      "testcase_id": "MTD_AAA_047",
      "title": "Validate Delete List",
      "preconditions": "Microsoft To Do application is installed and launchable.",
      "steps": {
        "Arrange": "Create a new list.",
        "Act": "Click Delete List option.",
        "Assert": "List is removed from sidebar."
      },
      "expected_output": "List is removed from sidebar."
    },
    {
      "testcase_id": "MTD_AAA_048",
      "title": "Validate Print List",
      "preconditions": "Microsoft To Do application is installed and launchable.",
      "steps": {
        "Arrange": "Open a list.",
        "Act": "Click Print List option.",
        "Assert": "Print dialog appears."
      },
      "expected_output": "Print dialog appears."
    },
    {
      "testcase_id": "MTD_AAA_049",
      "title": "Validate Search Existing Task",
      "preconditions": "Microsoft To Do application is installed and launchable.",
      "steps": {
        "Arrange": "Ensure at least one task exists.",
        "Act": "Search using existing task name.",
        "Assert": "Matching task appears in results."
      },
      "expected_output": "Matching task appears in results."
    },
    {
      "testcase_id": "MTD_AAA_050",
      "title": "Validate Search Invalid Task",
      "preconditions": "Microsoft To Do application is installed and launchable.",
      "steps": {
        "Arrange": "Launch application.",
        "Act": "Search using invalid keyword.",
        "Assert": "No matching tasks are displayed."
      },
      "expected_output": "No matching tasks are displayed."
    },
    {
      "testcase_id": "MTD_AAA_051",
      "title": "Validate Maximize Window",
      "preconditions": "Microsoft To Do application is installed and launchable.",
      "steps": {
        "Arrange": "Launch application and open My Day.",
        "Act": "Click Maximize button.",
        "Assert": "Window is maximized."
      },
      "expected_output": "Window is maximized."
    },
    {
      "testcase_id": "MTD_AAA_052",
      "title": "Validate Minimize Window",
      "preconditions": "Microsoft To Do application is installed and launchable.",
      "steps": {
        "Arrange": "Launch application and open My Day.",
        "Act": "Click Minimize button.",
        "Assert": "Window is minimized."
      },
      "expected_output": "Window is minimized."
    },
    {
      "testcase_id": "MTD_AAA_053",
      "title": "Validate Open My Day",
      "preconditions": "Microsoft To Do application is installed and launchable.",
      "steps": {
        "Arrange": "Launch application.",
        "Act": "Click My Day menu.",
        "Assert": "My Day page is displayed."
      },
      "expected_output": "My Day page is displayed."
    },
    {
      "testcase_id": "MTD_AAA_054",
      "title": "Validate Open Important",
      "preconditions": "Microsoft To Do application is installed and launchable.",
      "steps": {
        "Arrange": "Launch application.",
        "Act": "Click Important menu.",
        "Assert": "Important page is displayed."
      },
      "expected_output": "Important page is displayed."
    },
    {
      "testcase_id": "MTD_AAA_055",
      "title": "Validate Open Planned",
      "preconditions": "Microsoft To Do application is installed and launchable.",
      "steps": {
        "Arrange": "Launch application.",
        "Act": "Click Planned menu.",
        "Assert": "Planned page is displayed."
      },
      "expected_output": "Planned page is displayed."
    },
    {
      "testcase_id": "MTD_AAA_056",
      "title": "Validate Open Tasks",
      "preconditions": "Microsoft To Do application is installed and launchable.",
      "steps": {
        "Arrange": "Launch application.",
        "Act": "Click Tasks menu.",
        "Assert": "Tasks page is displayed."
      },
      "expected_output": "Tasks page is displayed."
    },
    {
      "testcase_id": "MTD_AAA_057",
      "title": "Validate Open Assigned To Me",
      "preconditions": "Microsoft To Do application is installed and launchable.",
      "steps": {
        "Arrange": "Launch application.",
        "Act": "Click Assigned To Me menu.",
        "Assert": "Assigned To Me page is displayed."
      },
      "expected_output": "Assigned To Me page is displayed."
    },
    {
      "testcase_id": "MTD_AAA_058",
      "title": "Validate Open Flagged Email",
      "preconditions": "Microsoft To Do application is installed and launchable.",
      "steps": {
        "Arrange": "Launch application.",
        "Act": "Click Flagged Email menu.",
        "Assert": "Flagged Email page is displayed."
      },
      "expected_output": "Flagged Email page is displayed."
    },
    {
      "testcase_id": "MTD_AAA_059",
      "title": "Validate Enable Keep On Top",
      "preconditions": "Microsoft To Do application is installed and launchable.",
      "steps": {
        "Arrange": "Launch application and open My Day.",
        "Act": "Click Keep On Top button.",
        "Assert": "Compact mode is enabled."
      },
      "expected_output": "Compact mode is enabled."
    },
    {
      "testcase_id": "MTD_AAA_060",
      "title": "Validate Disable Keep On Top",
      "preconditions": "Microsoft To Do application is installed and launchable.",
      "steps": {
        "Arrange": "Enable Keep On Top mode.",
        "Act": "Click Back To Full View button.",
        "Assert": "Full view is restored."
      },
      "expected_output": "Full view is restored."
    },
    {
      "testcase_id": "MTD_AAA_061",
      "title": "Validate Open Suggestions",
      "preconditions": "Microsoft To Do application is installed and launchable.",
      "steps": {
        "Arrange": "Launch application and open My Day.",
        "Act": "Click Suggestions button.",
        "Assert": "Suggestions panel is displayed."
      },
      "expected_output": "Suggestions panel is displayed."
    },
    {
      "testcase_id": "MTD_AAA_062",
      "title": "Validate Click Add Task",
      "preconditions": "Microsoft To Do application is installed and launchable.",
      "steps": {
        "Arrange": "Launch application and open My Day.",
        "Act": "Click Add Task button.",
        "Assert": "Add Task textbox is visible."
      },
      "expected_output": "Add Task textbox is visible."
    },
    {
      "testcase_id": "MTD_AAA_063",
      "title": "Validate View Task Details",
      "preconditions": "Microsoft To Do application is installed and launchable.",
      "steps": {
        "Arrange": "Create or select existing task.",
        "Act": "Click task item.",
        "Assert": "Task detail pane is displayed."
      },
      "expected_output": "Task detail pane is displayed."
    },
    {
      "testcase_id": "MTD_AAA_064",
      "title": "Validate Dismiss Detail View",
      "preconditions": "Microsoft To Do application is installed and launchable.",
      "steps": {
        "Arrange": "Open task detail pane.",
        "Act": "Click Dismiss Detail View button.",
        "Assert": "Task detail pane closes."
      },
      "expected_output": "Task detail pane closes."
    },
    {
      "testcase_id": "MTD_AAA_065",
      "title": "Validate Open Profile Menu",
      "preconditions": "Microsoft To Do application is installed and launchable.",
      "steps": {
        "Arrange": "Launch application.",
        "Act": "Click Profile button.",
        "Assert": "Profile dropdown is displayed."
      },
      "expected_output": "Profile dropdown is displayed."
    },
    {
      "testcase_id": "MTD_AAA_066",
      "title": "Validate Open Manage Accounts",
      "preconditions": "Microsoft To Do application is installed and launchable.",
      "steps": {
        "Arrange": "Open Profile menu.",
        "Act": "Click Manage Accounts option.",
        "Assert": "Manage Accounts page is displayed."
      },
      "expected_output": "Manage Accounts page is displayed."
    },
    {
      "testcase_id": "MTD_AAA_067",
      "title": "Validate Open Settings",
      "preconditions": "Microsoft To Do application is installed and launchable.",
      "steps": {
        "Arrange": "Open Profile menu.",
        "Act": "Click Settings option.",
        "Assert": "Settings page is displayed."
      },
      "expected_output": "Settings page is displayed."
    },
    {
      "testcase_id": "MTD_AAA_068",
      "title": "Validate Create New List",
      "preconditions": "Microsoft To Do application is installed and launchable.",
      "steps": {
        "Arrange": "Launch application.",
        "Act": "Click New List button.",
        "Assert": "New list is created and visible."
      },
      "expected_output": "New list is created and visible."
    },
    {
      "testcase_id": "MTD_AAA_069",
      "title": "Validate Verify Last Created List",
      "preconditions": "Microsoft To Do application is installed and launchable.",
      "steps": {
        "Arrange": "Create a new list.",
        "Act": "Observe last list item.",
        "Assert": "Last created list is displayed."
      },
      "expected_output": "Last created list is displayed."
    },
    {
      "testcase_id": "MTD_AAA_070",
      "title": "Validate Add Task To List",
      "preconditions": "Microsoft To Do application is installed and launchable.",
      "steps": {
        "Arrange": "Open a list.",
        "Act": "Enter task in Add Task textbox and press Enter.",
        "Assert": "Task is added to list."
      },
      "expected_output": "Task is added to list."
    },
    {
      "testcase_id": "MTD_AAA_071",
      "title": "Validate Edit Task",
      "preconditions": "Microsoft To Do application is installed and launchable.",
      "steps": {
        "Arrange": "Select an existing task.",
        "Act": "Modify task text and save.",
        "Assert": "Task updates successfully."
      },
      "expected_output": "Task updates successfully."
    },
    {
      "testcase_id": "MTD_AAA_072",
      "title": "Validate Delete List",
      "preconditions": "Microsoft To Do application is installed and launchable.",
      "steps": {
        "Arrange": "Create a new list.",
        "Act": "Click Delete List option.",
        "Assert": "List is removed from sidebar."
      },
      "expected_output": "List is removed from sidebar."
    },
    {
      "testcase_id": "MTD_AAA_073",
      "title": "Validate Print List",
      "preconditions": "Microsoft To Do application is installed and launchable.",
      "steps": {
        "Arrange": "Open a list.",
        "Act": "Click Print List option.",
        "Assert": "Print dialog appears."
      },
      "expected_output": "Print dialog appears."
    },
    {
      "testcase_id": "MTD_AAA_074",
      "title": "Validate Search Existing Task",
      "preconditions": "Microsoft To Do application is installed and launchable.",
      "steps": {
        "Arrange": "Ensure at least one task exists.",
        "Act": "Search using existing task name.",
        "Assert": "Matching task appears in results."
      },
      "expected_output": "Matching task appears in results."
    },
    {
      "testcase_id": "MTD_AAA_075",
      "title": "Validate Search Invalid Task",
      "preconditions": "Microsoft To Do application is installed and launchable.",
      "steps": {
        "Arrange": "Launch application.",
        "Act": "Search using invalid keyword.",
        "Assert": "No matching tasks are displayed."
      },
      "expected_output": "No matching tasks are displayed."
    },
    {
      "testcase_id": "MTD_AAA_076",
      "title": "Validate Maximize Window",
      "preconditions": "Microsoft To Do application is installed and launchable.",
      "steps": {
        "Arrange": "Launch application and open My Day.",
        "Act": "Click Maximize button.",
        "Assert": "Window is maximized."
      },
      "expected_output": "Window is maximized."
    },
    {
      "testcase_id": "MTD_AAA_077",
      "title": "Validate Minimize Window",
      "preconditions": "Microsoft To Do application is installed and launchable.",
      "steps": {
        "Arrange": "Launch application and open My Day.",
        "Act": "Click Minimize button.",
        "Assert": "Window is minimized."
      },
      "expected_output": "Window is minimized."
    },
    {
      "testcase_id": "MTD_AAA_078",
      "title": "Validate Open My Day",
      "preconditions": "Microsoft To Do application is installed and launchable.",
      "steps": {
        "Arrange": "Launch application.",
        "Act": "Click My Day menu.",
        "Assert": "My Day page is displayed."
      },
      "expected_output": "My Day page is displayed."
    },
    {
      "testcase_id": "MTD_AAA_079",
      "title": "Validate Open Important",
      "preconditions": "Microsoft To Do application is installed and launchable.",
      "steps": {
        "Arrange": "Launch application.",
        "Act": "Click Important menu.",
        "Assert": "Important page is displayed."
      },
      "expected_output": "Important page is displayed."
    },
    {
      "testcase_id": "MTD_AAA_080",
      "title": "Validate Open Planned",
      "preconditions": "Microsoft To Do application is installed and launchable.",
      "steps": {
        "Arrange": "Launch application.",
        "Act": "Click Planned menu.",
        "Assert": "Planned page is displayed."
      },
      "expected_output": "Planned page is displayed."
    },
    {
      "testcase_id": "MTD_AAA_081",
      "title": "Validate Open Tasks",
      "preconditions": "Microsoft To Do application is installed and launchable.",
      "steps": {
        "Arrange": "Launch application.",
        "Act": "Click Tasks menu.",
        "Assert": "Tasks page is displayed."
      },
      "expected_output": "Tasks page is displayed."
    },
    {
      "testcase_id": "MTD_AAA_082",
      "title": "Validate Open Assigned To Me",
      "preconditions": "Microsoft To Do application is installed and launchable.",
      "steps": {
        "Arrange": "Launch application.",
        "Act": "Click Assigned To Me menu.",
        "Assert": "Assigned To Me page is displayed."
      },
      "expected_output": "Assigned To Me page is displayed."
    },
    {
      "testcase_id": "MTD_AAA_083",
      "title": "Validate Open Flagged Email",
      "preconditions": "Microsoft To Do application is installed and launchable.",
      "steps": {
        "Arrange": "Launch application.",
        "Act": "Click Flagged Email menu.",
        "Assert": "Flagged Email page is displayed."
      },
      "expected_output": "Flagged Email page is displayed."
    },
    {
      "testcase_id": "MTD_AAA_084",
      "title": "Validate Enable Keep On Top",
      "preconditions": "Microsoft To Do application is installed and launchable.",
      "steps": {
        "Arrange": "Launch application and open My Day.",
        "Act": "Click Keep On Top button.",
        "Assert": "Compact mode is enabled."
      },
      "expected_output": "Compact mode is enabled."
    },
    {
      "testcase_id": "MTD_AAA_085",
      "title": "Validate Disable Keep On Top",
      "preconditions": "Microsoft To Do application is installed and launchable.",
      "steps": {
        "Arrange": "Enable Keep On Top mode.",
        "Act": "Click Back To Full View button.",
        "Assert": "Full view is restored."
      },
      "expected_output": "Full view is restored."
    },
    {
      "testcase_id": "MTD_AAA_086",
      "title": "Validate Open Suggestions",
      "preconditions": "Microsoft To Do application is installed and launchable.",
      "steps": {
        "Arrange": "Launch application and open My Day.",
        "Act": "Click Suggestions button.",
        "Assert": "Suggestions panel is displayed."
      },
      "expected_output": "Suggestions panel is displayed."
    },
    {
      "testcase_id": "MTD_AAA_087",
      "title": "Validate Click Add Task",
      "preconditions": "Microsoft To Do application is installed and launchable.",
      "steps": {
        "Arrange": "Launch application and open My Day.",
        "Act": "Click Add Task button.",
        "Assert": "Add Task textbox is visible."
      },
      "expected_output": "Add Task textbox is visible."
    },
    {
      "testcase_id": "MTD_AAA_088",
      "title": "Validate View Task Details",
      "preconditions": "Microsoft To Do application is installed and launchable.",
      "steps": {
        "Arrange": "Create or select existing task.",
        "Act": "Click task item.",
        "Assert": "Task detail pane is displayed."
      },
      "expected_output": "Task detail pane is displayed."
    },
    {
      "testcase_id": "MTD_AAA_089",
      "title": "Validate Dismiss Detail View",
      "preconditions": "Microsoft To Do application is installed and launchable.",
      "steps": {
        "Arrange": "Open task detail pane.",
        "Act": "Click Dismiss Detail View button.",
        "Assert": "Task detail pane closes."
      },
      "expected_output": "Task detail pane closes."
    },
    {
      "testcase_id": "MTD_AAA_090",
      "title": "Validate Open Profile Menu",
      "preconditions": "Microsoft To Do application is installed and launchable.",
      "steps": {
        "Arrange": "Launch application.",
        "Act": "Click Profile button.",
        "Assert": "Profile dropdown is displayed."
      },
      "expected_output": "Profile dropdown is displayed."
    },
    {
      "testcase_id": "MTD_AAA_091",
      "title": "Validate Open Manage Accounts",
      "preconditions": "Microsoft To Do application is installed and launchable.",
      "steps": {
        "Arrange": "Open Profile menu.",
        "Act": "Click Manage Accounts option.",
        "Assert": "Manage Accounts page is displayed."
      },
      "expected_output": "Manage Accounts page is displayed."
    },
    {
      "testcase_id": "MTD_AAA_092",
      "title": "Validate Open Settings",
      "preconditions": "Microsoft To Do application is installed and launchable.",
      "steps": {
        "Arrange": "Open Profile menu.",
        "Act": "Click Settings option.",
        "Assert": "Settings page is displayed."
      },
      "expected_output": "Settings page is displayed."
    },
    {
      "testcase_id": "MTD_AAA_093",
      "title": "Validate Create New List",
      "preconditions": "Microsoft To Do application is installed and launchable.",
      "steps": {
        "Arrange": "Launch application.",
        "Act": "Click New List button.",
        "Assert": "New list is created and visible."
      },
      "expected_output": "New list is created and visible."
    },
    {
      "testcase_id": "MTD_AAA_094",
      "title": "Validate Verify Last Created List",
      "preconditions": "Microsoft To Do application is installed and launchable.",
      "steps": {
        "Arrange": "Create a new list.",
        "Act": "Observe last list item.",
        "Assert": "Last created list is displayed."
      },
      "expected_output": "Last created list is displayed."
    },
    {
      "testcase_id": "MTD_AAA_095",
      "title": "Validate Add Task To List",
      "preconditions": "Microsoft To Do application is installed and launchable.",
      "steps": {
        "Arrange": "Open a list.",
        "Act": "Enter task in Add Task textbox and press Enter.",
        "Assert": "Task is added to list."
      },
      "expected_output": "Task is added to list."
    },
    {
      "testcase_id": "MTD_AAA_096",
      "title": "Validate Edit Task",
      "preconditions": "Microsoft To Do application is installed and launchable.",
      "steps": {
        "Arrange": "Select an existing task.",
        "Act": "Modify task text and save.",
        "Assert": "Task updates successfully."
      },
      "expected_output": "Task updates successfully."
    },
    {
      "testcase_id": "MTD_AAA_097",
      "title": "Validate Delete List",
      "preconditions": "Microsoft To Do application is installed and launchable.",
      "steps": {
        "Arrange": "Create a new list.",
        "Act": "Click Delete List option.",
        "Assert": "List is removed from sidebar."
      },
      "expected_output": "List is removed from sidebar."
    },
    {
      "testcase_id": "MTD_AAA_098",
      "title": "Validate Print List",
      "preconditions": "Microsoft To Do application is installed and launchable.",
      "steps": {
        "Arrange": "Open a list.",
        "Act": "Click Print List option.",
        "Assert": "Print dialog appears."
      },
      "expected_output": "Print dialog appears."
    },
    {
      "testcase_id": "MTD_AAA_099",
      "title": "Validate Search Existing Task",
      "preconditions": "Microsoft To Do application is installed and launchable.",
      "steps": {
        "Arrange": "Ensure at least one task exists.",
        "Act": "Search using existing task name.",
        "Assert": "Matching task appears in results."
      },
      "expected_output": "Matching task appears in results."
    },
    {
      "testcase_id": "MTD_AAA_100",
      "title": "Validate Search Invalid Task",
      "preconditions": "Microsoft To Do application is installed and launchable.",
      "steps": {
        "Arrange": "Launch application.",
        "Act": "Search using invalid keyword.",
        "Assert": "No matching tasks are displayed."
      },
      "expected_output": "No matching tasks are displayed."
    }
  
}