{
    "Application": "Microsoft To Do",
    "Total_Test_Cases": 100,
    "Aligned_With_Methods": true,
    "Supported_Methods": [
        "maximize",
        "minimize",
        "close",
        "open_my_day",
        "open_important",
        "open_assigned_to_me",
        "open_flagged_email",
        "open_planned",
        "open_tasks",
        "keep_on_top",
        "back_to_fullview",
        "open_suggestions",
        "click_add_task",
        "view_task_details",
        "open_profile",
        "manage_accounts",
        "open_settings",
        "create_new_list",
        "verify_last_created_list",
        "add_task_to_current_list",
        "edit_task",
        "print_list",
        "delete_list",
        "dismiss_detail_view"
    ],
    "Test_Cases": [
        {
            "Test Case ID": "MTD_AUTO_001",
            "Title": "Validate 'maximize' functionality",
            "Preconditions": "Microsoft To Do is installed and user is logged in.",
            "Steps": [
                "Launch Microsoft To Do application.",
                "Execute method: maximize() using automation flow."
            ],
            "Expected Result": "The method 'maximize' executes successfully without errors."
        },
        {
            "Test Case ID": "MTD_AUTO_002",
            "Title": "Validate 'minimize' functionality",
            "Preconditions": "Microsoft To Do is installed and user is logged in.",
            "Steps": [
                "Launch Microsoft To Do application.",
                "Execute method: minimize() using automation flow."
            ],
            "Expected Result": "The method 'minimize' executes successfully without errors."
        },
        {
            "Test Case ID": "MTD_AUTO_003",
            "Title": "Validate 'close' functionality",
            "Preconditions": "Microsoft To Do is installed and user is logged in.",
            "Steps": [
                "Launch Microsoft To Do application.",
                "Execute method: close() using automation flow."
            ],
            "Expected Result": "The method 'close' executes successfully without errors."
        },
        {
            "Test Case ID": "MTD_AUTO_004",
            "Title": "Validate 'open_my_day' functionality",
            "Preconditions": "Microsoft To Do is installed and user is logged in.",
            "Steps": [
                "Launch Microsoft To Do application.",
                "Execute method: open_my_day() using automation flow."
            ],
            "Expected Result": "The method 'open_my_day' executes successfully without errors."
        },
        {
            "Test Case ID": "MTD_AUTO_005",
            "Title": "Validate 'open_important' functionality",
            "Preconditions": "Microsoft To Do is installed and user is logged in.",
            "Steps": [
                "Launch Microsoft To Do application.",
                "Execute method: open_important() using automation flow."
            ],
            "Expected Result": "The method 'open_important' executes successfully without errors."
        },
        {
            "Test Case ID": "MTD_AUTO_006",
            "Title": "Validate 'open_assigned_to_me' functionality",
            "Preconditions": "Microsoft To Do is installed and user is logged in.",
            "Steps": [
                "Launch Microsoft To Do application.",
                "Execute method: open_assigned_to_me() using automation flow."
            ],
            "Expected Result": "The method 'open_assigned_to_me' executes successfully without errors."
        },
        {
            "Test Case ID": "MTD_AUTO_007",
            "Title": "Validate 'open_flagged_email' functionality",
            "Preconditions": "Microsoft To Do is installed and user is logged in.",
            "Steps": [
                "Launch Microsoft To Do application.",
                "Execute method: open_flagged_email() using automation flow."
            ],
            "Expected Result": "The method 'open_flagged_email' executes successfully without errors."
        },
        {
            "Test Case ID": "MTD_AUTO_008",
            "Title": "Validate 'open_planned' functionality",
            "Preconditions": "Microsoft To Do is installed and user is logged in.",
            "Steps": [
                "Launch Microsoft To Do application.",
                "Execute method: open_planned() using automation flow."
            ],
            "Expected Result": "The method 'open_planned' executes successfully without errors."
        },
        {
            "Test Case ID": "MTD_AUTO_009",
            "Title": "Validate 'open_tasks' functionality",
            "Preconditions": "Microsoft To Do is installed and user is logged in.",
            "Steps": [
                "Launch Microsoft To Do application.",
                "Execute method: open_tasks() using automation flow."
            ],
            "Expected Result": "The method 'open_tasks' executes successfully without errors."
        },
        {
            "Test Case ID": "MTD_AUTO_010",
            "Title": "Validate 'keep_on_top' functionality",
            "Preconditions": "Microsoft To Do is installed and user is logged in.",
            "Steps": [
                "Launch Microsoft To Do application.",
                "Execute method: keep_on_top() using automation flow."
            ],
            "Expected Result": "The method 'keep_on_top' executes successfully without errors."
        },
        {
            "Test Case ID": "MTD_AUTO_011",
            "Title": "Validate 'back_to_fullview' functionality",
            "Preconditions": "Microsoft To Do is installed and user is logged in.",
            "Steps": [
                "Launch Microsoft To Do application.",
                "Execute method: back_to_fullview() using automation flow."
            ],
            "Expected Result": "The method 'back_to_fullview' executes successfully without errors."
        },
        {
            "Test Case ID": "MTD_AUTO_012",
            "Title": "Validate 'open_suggestions' functionality",
            "Preconditions": "Microsoft To Do is installed and user is logged in.",
            "Steps": [
                "Launch Microsoft To Do application.",
                "Execute method: open_suggestions() using automation flow."
            ],
            "Expected Result": "The method 'open_suggestions' executes successfully without errors."
        },
        {
            "Test Case ID": "MTD_AUTO_013",
            "Title": "Validate 'click_add_task' functionality",
            "Preconditions": "Microsoft To Do is installed and user is logged in.",
            "Steps": [
                "Launch Microsoft To Do application.",
                "Execute method: click_add_task() using automation flow."
            ],
            "Expected Result": "The method 'click_add_task' executes successfully without errors."
        },
        {
            "Test Case ID": "MTD_AUTO_014",
            "Title": "Validate 'view_task_details' functionality",
            "Preconditions": "Microsoft To Do is installed and user is logged in.",
            "Steps": [
                "Launch Microsoft To Do application.",
                "Execute method: view_task_details() using automation flow."
            ],
            "Expected Result": "The method 'view_task_details' executes successfully without errors."
        },
        {
            "Test Case ID": "MTD_AUTO_015",
            "Title": "Validate 'open_profile' functionality",
            "Preconditions": "Microsoft To Do is installed and user is logged in.",
            "Steps": [
                "Launch Microsoft To Do application.",
                "Execute method: open_profile() using automation flow."
            ],
            "Expected Result": "The method 'open_profile' executes successfully without errors."
        },
        {
            "Test Case ID": "MTD_AUTO_016",
            "Title": "Validate 'manage_accounts' functionality",
            "Preconditions": "Microsoft To Do is installed and user is logged in.",
            "Steps": [
                "Launch Microsoft To Do application.",
                "Execute method: manage_accounts() using automation flow."
            ],
            "Expected Result": "The method 'manage_accounts' executes successfully without errors."
        },
        {
            "Test Case ID": "MTD_AUTO_017",
            "Title": "Validate 'open_settings' functionality",
            "Preconditions": "Microsoft To Do is installed and user is logged in.",
            "Steps": [
                "Launch Microsoft To Do application.",
                "Execute method: open_settings() using automation flow."
            ],
            "Expected Result": "The method 'open_settings' executes successfully without errors."
        },
        {
            "Test Case ID": "MTD_AUTO_018",
            "Title": "Validate 'create_new_list' functionality",
            "Preconditions": "Microsoft To Do is installed and user is logged in.",
            "Steps": [
                "Launch Microsoft To Do application.",
                "Execute method: create_new_list() using automation flow."
            ],
            "Expected Result": "The method 'create_new_list' executes successfully without errors."
        },
        {
            "Test Case ID": "MTD_AUTO_019",
            "Title": "Validate 'verify_last_created_list' functionality",
            "Preconditions": "Microsoft To Do is installed and user is logged in.",
            "Steps": [
                "Launch Microsoft To Do application.",
                "Execute method: verify_last_created_list() using automation flow."
            ],
            "Expected Result": "The method 'verify_last_created_list' executes successfully without errors."
        },
        {
            "Test Case ID": "MTD_AUTO_020",
            "Title": "Validate 'add_task_to_current_list' functionality",
            "Preconditions": "Microsoft To Do is installed and user is logged in.",
            "Steps": [
                "Launch Microsoft To Do application.",
                "Execute method: add_task_to_current_list() using automation flow."
            ],
            "Expected Result": "The method 'add_task_to_current_list' executes successfully without errors."
        },
        {
            "Test Case ID": "MTD_AUTO_021",
            "Title": "Validate 'edit_task' functionality",
            "Preconditions": "Microsoft To Do is installed and user is logged in.",
            "Steps": [
                "Launch Microsoft To Do application.",
                "Execute method: edit_task() using automation flow."
            ],
            "Expected Result": "The method 'edit_task' executes successfully without errors."
        },
        {
            "Test Case ID": "MTD_AUTO_022",
            "Title": "Validate 'print_list' functionality",
            "Preconditions": "Microsoft To Do is installed and user is logged in.",
            "Steps": [
                "Launch Microsoft To Do application.",
                "Execute method: print_list() using automation flow."
            ],
            "Expected Result": "The method 'print_list' executes successfully without errors."
        },
        {
            "Test Case ID": "MTD_AUTO_023",
            "Title": "Validate 'delete_list' functionality",
            "Preconditions": "Microsoft To Do is installed and user is logged in.",
            "Steps": [
                "Launch Microsoft To Do application.",
                "Execute method: delete_list() using automation flow."
            ],
            "Expected Result": "The method 'delete_list' executes successfully without errors."
        },
        {
            "Test Case ID": "MTD_AUTO_024",
            "Title": "Validate 'dismiss_detail_view' functionality",
            "Preconditions": "Microsoft To Do is installed and user is logged in.",
            "Steps": [
                "Launch Microsoft To Do application.",
                "Execute method: dismiss_detail_view() using automation flow."
            ],
            "Expected Result": "The method 'dismiss_detail_view' executes successfully without errors."
        },
        {
            "Test Case ID": "MTD_AUTO_025",
            "Title": "Validate 'maximize' functionality",
            "Preconditions": "Microsoft To Do is installed and user is logged in.",
            "Steps": [
                "Launch Microsoft To Do application.",
                "Execute method: maximize() using automation flow."
            ],
            "Expected Result": "The method 'maximize' executes successfully without errors."
        },
        {
            "Test Case ID": "MTD_AUTO_026",
            "Title": "Validate 'minimize' functionality",
            "Preconditions": "Microsoft To Do is installed and user is logged in.",
            "Steps": [
                "Launch Microsoft To Do application.",
                "Execute method: minimize() using automation flow."
            ],
            "Expected Result": "The method 'minimize' executes successfully without errors."
        },
        {
            "Test Case ID": "MTD_AUTO_027",
            "Title": "Validate 'close' functionality",
            "Preconditions": "Microsoft To Do is installed and user is logged in.",
            "Steps": [
                "Launch Microsoft To Do application.",
                "Execute method: close() using automation flow."
            ],
            "Expected Result": "The method 'close' executes successfully without errors."
        },
        {
            "Test Case ID": "MTD_AUTO_028",
            "Title": "Validate 'open_my_day' functionality",
            "Preconditions": "Microsoft To Do is installed and user is logged in.",
            "Steps": [
                "Launch Microsoft To Do application.",
                "Execute method: open_my_day() using automation flow."
            ],
            "Expected Result": "The method 'open_my_day' executes successfully without errors."
        },
        {
            "Test Case ID": "MTD_AUTO_029",
            "Title": "Validate 'open_important' functionality",
            "Preconditions": "Microsoft To Do is installed and user is logged in.",
            "Steps": [
                "Launch Microsoft To Do application.",
                "Execute method: open_important() using automation flow."
            ],
            "Expected Result": "The method 'open_important' executes successfully without errors."
        },
        {
            "Test Case ID": "MTD_AUTO_030",
            "Title": "Validate 'open_assigned_to_me' functionality",
            "Preconditions": "Microsoft To Do is installed and user is logged in.",
            "Steps": [
                "Launch Microsoft To Do application.",
                "Execute method: open_assigned_to_me() using automation flow."
            ],
            "Expected Result": "The method 'open_assigned_to_me' executes successfully without errors."
        },
        {
            "Test Case ID": "MTD_AUTO_031",
            "Title": "Validate 'open_flagged_email' functionality",
            "Preconditions": "Microsoft To Do is installed and user is logged in.",
            "Steps": [
                "Launch Microsoft To Do application.",
                "Execute method: open_flagged_email() using automation flow."
            ],
            "Expected Result": "The method 'open_flagged_email' executes successfully without errors."
        },
        {
            "Test Case ID": "MTD_AUTO_032",
            "Title": "Validate 'open_planned' functionality",
            "Preconditions": "Microsoft To Do is installed and user is logged in.",
            "Steps": [
                "Launch Microsoft To Do application.",
                "Execute method: open_planned() using automation flow."
            ],
            "Expected Result": "The method 'open_planned' executes successfully without errors."
        },
        {
            "Test Case ID": "MTD_AUTO_033",
            "Title": "Validate 'open_tasks' functionality",
            "Preconditions": "Microsoft To Do is installed and user is logged in.",
            "Steps": [
                "Launch Microsoft To Do application.",
                "Execute method: open_tasks() using automation flow."
            ],
            "Expected Result": "The method 'open_tasks' executes successfully without errors."
        },
        {
            "Test Case ID": "MTD_AUTO_034",
            "Title": "Validate 'keep_on_top' functionality",
            "Preconditions": "Microsoft To Do is installed and user is logged in.",
            "Steps": [
                "Launch Microsoft To Do application.",
                "Execute method: keep_on_top() using automation flow."
            ],
            "Expected Result": "The method 'keep_on_top' executes successfully without errors."
        },
        {
            "Test Case ID": "MTD_AUTO_035",
            "Title": "Validate 'back_to_fullview' functionality",
            "Preconditions": "Microsoft To Do is installed and user is logged in.",
            "Steps": [
                "Launch Microsoft To Do application.",
                "Execute method: back_to_fullview() using automation flow."
            ],
            "Expected Result": "The method 'back_to_fullview' executes successfully without errors."
        },
        {
            "Test Case ID": "MTD_AUTO_036",
            "Title": "Validate 'open_suggestions' functionality",
            "Preconditions": "Microsoft To Do is installed and user is logged in.",
            "Steps": [
                "Launch Microsoft To Do application.",
                "Execute method: open_suggestions() using automation flow."
            ],
            "Expected Result": "The method 'open_suggestions' executes successfully without errors."
        },
        {
            "Test Case ID": "MTD_AUTO_037",
            "Title": "Validate 'click_add_task' functionality",
            "Preconditions": "Microsoft To Do is installed and user is logged in.",
            "Steps": [
                "Launch Microsoft To Do application.",
                "Execute method: click_add_task() using automation flow."
            ],
            "Expected Result": "The method 'click_add_task' executes successfully without errors."
        },
        {
            "Test Case ID": "MTD_AUTO_038",
            "Title": "Validate 'view_task_details' functionality",
            "Preconditions": "Microsoft To Do is installed and user is logged in.",
            "Steps": [
                "Launch Microsoft To Do application.",
                "Execute method: view_task_details() using automation flow."
            ],
            "Expected Result": "The method 'view_task_details' executes successfully without errors."
        },
        {
            "Test Case ID": "MTD_AUTO_039",
            "Title": "Validate 'open_profile' functionality",
            "Preconditions": "Microsoft To Do is installed and user is logged in.",
            "Steps": [
                "Launch Microsoft To Do application.",
                "Execute method: open_profile() using automation flow."
            ],
            "Expected Result": "The method 'open_profile' executes successfully without errors."
        },
        {
            "Test Case ID": "MTD_AUTO_040",
            "Title": "Validate 'manage_accounts' functionality",
            "Preconditions": "Microsoft To Do is installed and user is logged in.",
            "Steps": [
                "Launch Microsoft To Do application.",
                "Execute method: manage_accounts() using automation flow."
            ],
            "Expected Result": "The method 'manage_accounts' executes successfully without errors."
        },
        {
            "Test Case ID": "MTD_AUTO_041",
            "Title": "Validate 'open_settings' functionality",
            "Preconditions": "Microsoft To Do is installed and user is logged in.",
            "Steps": [
                "Launch Microsoft To Do application.",
                "Execute method: open_settings() using automation flow."
            ],
            "Expected Result": "The method 'open_settings' executes successfully without errors."
        },
        {
            "Test Case ID": "MTD_AUTO_042",
            "Title": "Validate 'create_new_list' functionality",
            "Preconditions": "Microsoft To Do is installed and user is logged in.",
            "Steps": [
                "Launch Microsoft To Do application.",
                "Execute method: create_new_list() using automation flow."
            ],
            "Expected Result": "The method 'create_new_list' executes successfully without errors."
        },
        {
            "Test Case ID": "MTD_AUTO_043",
            "Title": "Validate 'verify_last_created_list' functionality",
            "Preconditions": "Microsoft To Do is installed and user is logged in.",
            "Steps": [
                "Launch Microsoft To Do application.",
                "Execute method: verify_last_created_list() using automation flow."
            ],
            "Expected Result": "The method 'verify_last_created_list' executes successfully without errors."
        },
        {
            "Test Case ID": "MTD_AUTO_044",
            "Title": "Validate 'add_task_to_current_list' functionality",
            "Preconditions": "Microsoft To Do is installed and user is logged in.",
            "Steps": [
                "Launch Microsoft To Do application.",
                "Execute method: add_task_to_current_list() using automation flow."
            ],
            "Expected Result": "The method 'add_task_to_current_list' executes successfully without errors."
        },
        {
            "Test Case ID": "MTD_AUTO_045",
            "Title": "Validate 'edit_task' functionality",
            "Preconditions": "Microsoft To Do is installed and user is logged in.",
            "Steps": [
                "Launch Microsoft To Do application.",
                "Execute method: edit_task() using automation flow."
            ],
            "Expected Result": "The method 'edit_task' executes successfully without errors."
        },
        {
            "Test Case ID": "MTD_AUTO_046",
            "Title": "Validate 'print_list' functionality",
            "Preconditions": "Microsoft To Do is installed and user is logged in.",
            "Steps": [
                "Launch Microsoft To Do application.",
                "Execute method: print_list() using automation flow."
            ],
            "Expected Result": "The method 'print_list' executes successfully without errors."
        },
        {
            "Test Case ID": "MTD_AUTO_047",
            "Title": "Validate 'delete_list' functionality",
            "Preconditions": "Microsoft To Do is installed and user is logged in.",
            "Steps": [
                "Launch Microsoft To Do application.",
                "Execute method: delete_list() using automation flow."
            ],
            "Expected Result": "The method 'delete_list' executes successfully without errors."
        },
        {
            "Test Case ID": "MTD_AUTO_048",
            "Title": "Validate 'dismiss_detail_view' functionality",
            "Preconditions": "Microsoft To Do is installed and user is logged in.",
            "Steps": [
                "Launch Microsoft To Do application.",
                "Execute method: dismiss_detail_view() using automation flow."
            ],
            "Expected Result": "The method 'dismiss_detail_view' executes successfully without errors."
        },
        {
            "Test Case ID": "MTD_AUTO_049",
            "Title": "Validate 'maximize' functionality",
            "Preconditions": "Microsoft To Do is installed and user is logged in.",
            "Steps": [
                "Launch Microsoft To Do application.",
                "Execute method: maximize() using automation flow."
            ],
            "Expected Result": "The method 'maximize' executes successfully without errors."
        },
        {
            "Test Case ID": "MTD_AUTO_050",
            "Title": "Validate 'minimize' functionality",
            "Preconditions": "Microsoft To Do is installed and user is logged in.",
            "Steps": [
                "Launch Microsoft To Do application.",
                "Execute method: minimize() using automation flow."
            ],
            "Expected Result": "The method 'minimize' executes successfully without errors."
        },
        {
            "Test Case ID": "MTD_AUTO_051",
            "Title": "Validate 'close' functionality",
            "Preconditions": "Microsoft To Do is installed and user is logged in.",
            "Steps": [
                "Launch Microsoft To Do application.",
                "Execute method: close() using automation flow."
            ],
            "Expected Result": "The method 'close' executes successfully without errors."
        },
        {
            "Test Case ID": "MTD_AUTO_052",
            "Title": "Validate 'open_my_day' functionality",
            "Preconditions": "Microsoft To Do is installed and user is logged in.",
            "Steps": [
                "Launch Microsoft To Do application.",
                "Execute method: open_my_day() using automation flow."
            ],
            "Expected Result": "The method 'open_my_day' executes successfully without errors."
        },
        {
            "Test Case ID": "MTD_AUTO_053",
            "Title": "Validate 'open_important' functionality",
            "Preconditions": "Microsoft To Do is installed and user is logged in.",
            "Steps": [
                "Launch Microsoft To Do application.",
                "Execute method: open_important() using automation flow."
            ],
            "Expected Result": "The method 'open_important' executes successfully without errors."
        },
        {
            "Test Case ID": "MTD_AUTO_054",
            "Title": "Validate 'open_assigned_to_me' functionality",
            "Preconditions": "Microsoft To Do is installed and user is logged in.",
            "Steps": [
                "Launch Microsoft To Do application.",
                "Execute method: open_assigned_to_me() using automation flow."
            ],
            "Expected Result": "The method 'open_assigned_to_me' executes successfully without errors."
        },
        {
            "Test Case ID": "MTD_AUTO_055",
            "Title": "Validate 'open_flagged_email' functionality",
            "Preconditions": "Microsoft To Do is installed and user is logged in.",
            "Steps": [
                "Launch Microsoft To Do application.",
                "Execute method: open_flagged_email() using automation flow."
            ],
            "Expected Result": "The method 'open_flagged_email' executes successfully without errors."
        },
        {
            "Test Case ID": "MTD_AUTO_056",
            "Title": "Validate 'open_planned' functionality",
            "Preconditions": "Microsoft To Do is installed and user is logged in.",
            "Steps": [
                "Launch Microsoft To Do application.",
                "Execute method: open_planned() using automation flow."
            ],
            "Expected Result": "The method 'open_planned' executes successfully without errors."
        },
        {
            "Test Case ID": "MTD_AUTO_057",
            "Title": "Validate 'open_tasks' functionality",
            "Preconditions": "Microsoft To Do is installed and user is logged in.",
            "Steps": [
                "Launch Microsoft To Do application.",
                "Execute method: open_tasks() using automation flow."
            ],
            "Expected Result": "The method 'open_tasks' executes successfully without errors."
        },
        {
            "Test Case ID": "MTD_AUTO_058",
            "Title": "Validate 'keep_on_top' functionality",
            "Preconditions": "Microsoft To Do is installed and user is logged in.",
            "Steps": [
                "Launch Microsoft To Do application.",
                "Execute method: keep_on_top() using automation flow."
            ],
            "Expected Result": "The method 'keep_on_top' executes successfully without errors."
        },
        {
            "Test Case ID": "MTD_AUTO_059",
            "Title": "Validate 'back_to_fullview' functionality",
            "Preconditions": "Microsoft To Do is installed and user is logged in.",
            "Steps": [
                "Launch Microsoft To Do application.",
                "Execute method: back_to_fullview() using automation flow."
            ],
            "Expected Result": "The method 'back_to_fullview' executes successfully without errors."
        },
        {
            "Test Case ID": "MTD_AUTO_060",
            "Title": "Validate 'open_suggestions' functionality",
            "Preconditions": "Microsoft To Do is installed and user is logged in.",
            "Steps": [
                "Launch Microsoft To Do application.",
                "Execute method: open_suggestions() using automation flow."
            ],
            "Expected Result": "The method 'open_suggestions' executes successfully without errors."
        },
        {
            "Test Case ID": "MTD_AUTO_061",
            "Title": "Validate 'click_add_task' functionality",
            "Preconditions": "Microsoft To Do is installed and user is logged in.",
            "Steps": [
                "Launch Microsoft To Do application.",
                "Execute method: click_add_task() using automation flow."
            ],
            "Expected Result": "The method 'click_add_task' executes successfully without errors."
        },
        {
            "Test Case ID": "MTD_AUTO_062",
            "Title": "Validate 'view_task_details' functionality",
            "Preconditions": "Microsoft To Do is installed and user is logged in.",
            "Steps": [
                "Launch Microsoft To Do application.",
                "Execute method: view_task_details() using automation flow."
            ],
            "Expected Result": "The method 'view_task_details' executes successfully without errors."
        },
        {
            "Test Case ID": "MTD_AUTO_063",
            "Title": "Validate 'open_profile' functionality",
            "Preconditions": "Microsoft To Do is installed and user is logged in.",
            "Steps": [
                "Launch Microsoft To Do application.",
                "Execute method: open_profile() using automation flow."
            ],
            "Expected Result": "The method 'open_profile' executes successfully without errors."
        },
        {
            "Test Case ID": "MTD_AUTO_064",
            "Title": "Validate 'manage_accounts' functionality",
            "Preconditions": "Microsoft To Do is installed and user is logged in.",
            "Steps": [
                "Launch Microsoft To Do application.",
                "Execute method: manage_accounts() using automation flow."
            ],
            "Expected Result": "The method 'manage_accounts' executes successfully without errors."
        },
        {
            "Test Case ID": "MTD_AUTO_065",
            "Title": "Validate 'open_settings' functionality",
            "Preconditions": "Microsoft To Do is installed and user is logged in.",
            "Steps": [
                "Launch Microsoft To Do application.",
                "Execute method: open_settings() using automation flow."
            ],
            "Expected Result": "The method 'open_settings' executes successfully without errors."
        },
        {
            "Test Case ID": "MTD_AUTO_066",
            "Title": "Validate 'create_new_list' functionality",
            "Preconditions": "Microsoft To Do is installed and user is logged in.",
            "Steps": [
                "Launch Microsoft To Do application.",
                "Execute method: create_new_list() using automation flow."
            ],
            "Expected Result": "The method 'create_new_list' executes successfully without errors."
        },
        {
            "Test Case ID": "MTD_AUTO_067",
            "Title": "Validate 'verify_last_created_list' functionality",
            "Preconditions": "Microsoft To Do is installed and user is logged in.",
            "Steps": [
                "Launch Microsoft To Do application.",
                "Execute method: verify_last_created_list() using automation flow."
            ],
            "Expected Result": "The method 'verify_last_created_list' executes successfully without errors."
        },
        {
            "Test Case ID": "MTD_AUTO_068",
            "Title": "Validate 'add_task_to_current_list' functionality",
            "Preconditions": "Microsoft To Do is installed and user is logged in.",
            "Steps": [
                "Launch Microsoft To Do application.",
                "Execute method: add_task_to_current_list() using automation flow."
            ],
            "Expected Result": "The method 'add_task_to_current_list' executes successfully without errors."
        },
        {
            "Test Case ID": "MTD_AUTO_069",
            "Title": "Validate 'edit_task' functionality",
            "Preconditions": "Microsoft To Do is installed and user is logged in.",
            "Steps": [
                "Launch Microsoft To Do application.",
                "Execute method: edit_task() using automation flow."
            ],
            "Expected Result": "The method 'edit_task' executes successfully without errors."
        },
        {
            "Test Case ID": "MTD_AUTO_070",
            "Title": "Validate 'print_list' functionality",
            "Preconditions": "Microsoft To Do is installed and user is logged in.",
            "Steps": [
                "Launch Microsoft To Do application.",
                "Execute method: print_list() using automation flow."
            ],
            "Expected Result": "The method 'print_list' executes successfully without errors."
        },
        {
            "Test Case ID": "MTD_AUTO_071",
            "Title": "Validate 'delete_list' functionality",
            "Preconditions": "Microsoft To Do is installed and user is logged in.",
            "Steps": [
                "Launch Microsoft To Do application.",
                "Execute method: delete_list() using automation flow."
            ],
            "Expected Result": "The method 'delete_list' executes successfully without errors."
        },
        {
            "Test Case ID": "MTD_AUTO_072",
            "Title": "Validate 'dismiss_detail_view' functionality",
            "Preconditions": "Microsoft To Do is installed and user is logged in.",
            "Steps": [
                "Launch Microsoft To Do application.",
                "Execute method: dismiss_detail_view() using automation flow."
            ],
            "Expected Result": "The method 'dismiss_detail_view' executes successfully without errors."
        },
        {
            "Test Case ID": "MTD_AUTO_073",
            "Title": "Validate 'maximize' functionality",
            "Preconditions": "Microsoft To Do is installed and user is logged in.",
            "Steps": [
                "Launch Microsoft To Do application.",
                "Execute method: maximize() using automation flow."
            ],
            "Expected Result": "The method 'maximize' executes successfully without errors."
        },
        {
            "Test Case ID": "MTD_AUTO_074",
            "Title": "Validate 'minimize' functionality",
            "Preconditions": "Microsoft To Do is installed and user is logged in.",
            "Steps": [
                "Launch Microsoft To Do application.",
                "Execute method: minimize() using automation flow."
            ],
            "Expected Result": "The method 'minimize' executes successfully without errors."
        },
        {
            "Test Case ID": "MTD_AUTO_075",
            "Title": "Validate 'close' functionality",
            "Preconditions": "Microsoft To Do is installed and user is logged in.",
            "Steps": [
                "Launch Microsoft To Do application.",
                "Execute method: close() using automation flow."
            ],
            "Expected Result": "The method 'close' executes successfully without errors."
        },
        {
            "Test Case ID": "MTD_AUTO_076",
            "Title": "Validate 'open_my_day' functionality",
            "Preconditions": "Microsoft To Do is installed and user is logged in.",
            "Steps": [
                "Launch Microsoft To Do application.",
                "Execute method: open_my_day() using automation flow."
            ],
            "Expected Result": "The method 'open_my_day' executes successfully without errors."
        },
        {
            "Test Case ID": "MTD_AUTO_077",
            "Title": "Validate 'open_important' functionality",
            "Preconditions": "Microsoft To Do is installed and user is logged in.",
            "Steps": [
                "Launch Microsoft To Do application.",
                "Execute method: open_important() using automation flow."
            ],
            "Expected Result": "The method 'open_important' executes successfully without errors."
        },
        {
            "Test Case ID": "MTD_AUTO_078",
            "Title": "Validate 'open_assigned_to_me' functionality",
            "Preconditions": "Microsoft To Do is installed and user is logged in.",
            "Steps": [
                "Launch Microsoft To Do application.",
                "Execute method: open_assigned_to_me() using automation flow."
            ],
            "Expected Result": "The method 'open_assigned_to_me' executes successfully without errors."
        },
        {
            "Test Case ID": "MTD_AUTO_079",
            "Title": "Validate 'open_flagged_email' functionality",
            "Preconditions": "Microsoft To Do is installed and user is logged in.",
            "Steps": [
                "Launch Microsoft To Do application.",
                "Execute method: open_flagged_email() using automation flow."
            ],
            "Expected Result": "The method 'open_flagged_email' executes successfully without errors."
        },
        {
            "Test Case ID": "MTD_AUTO_080",
            "Title": "Validate 'open_planned' functionality",
            "Preconditions": "Microsoft To Do is installed and user is logged in.",
            "Steps": [
                "Launch Microsoft To Do application.",
                "Execute method: open_planned() using automation flow."
            ],
            "Expected Result": "The method 'open_planned' executes successfully without errors."
        },
        {
            "Test Case ID": "MTD_AUTO_081",
            "Title": "Validate 'open_tasks' functionality",
            "Preconditions": "Microsoft To Do is installed and user is logged in.",
            "Steps": [
                "Launch Microsoft To Do application.",
                "Execute method: open_tasks() using automation flow."
            ],
            "Expected Result": "The method 'open_tasks' executes successfully without errors."
        },
        {
            "Test Case ID": "MTD_AUTO_082",
            "Title": "Validate 'keep_on_top' functionality",
            "Preconditions": "Microsoft To Do is installed and user is logged in.",
            "Steps": [
                "Launch Microsoft To Do application.",
                "Execute method: keep_on_top() using automation flow."
            ],
            "Expected Result": "The method 'keep_on_top' executes successfully without errors."
        },
        {
            "Test Case ID": "MTD_AUTO_083",
            "Title": "Validate 'back_to_fullview' functionality",
            "Preconditions": "Microsoft To Do is installed and user is logged in.",
            "Steps": [
                "Launch Microsoft To Do application.",
                "Execute method: back_to_fullview() using automation flow."
            ],
            "Expected Result": "The method 'back_to_fullview' executes successfully without errors."
        },
        {
            "Test Case ID": "MTD_AUTO_084",
            "Title": "Validate 'open_suggestions' functionality",
            "Preconditions": "Microsoft To Do is installed and user is logged in.",
            "Steps": [
                "Launch Microsoft To Do application.",
                "Execute method: open_suggestions() using automation flow."
            ],
            "Expected Result": "The method 'open_suggestions' executes successfully without errors."
        },
        {
            "Test Case ID": "MTD_AUTO_085",
            "Title": "Validate 'click_add_task' functionality",
            "Preconditions": "Microsoft To Do is installed and user is logged in.",
            "Steps": [
                "Launch Microsoft To Do application.",
                "Execute method: click_add_task() using automation flow."
            ],
            "Expected Result": "The method 'click_add_task' executes successfully without errors."
        },
        {
            "Test Case ID": "MTD_AUTO_086",
            "Title": "Validate 'view_task_details' functionality",
            "Preconditions": "Microsoft To Do is installed and user is logged in.",
            "Steps": [
                "Launch Microsoft To Do application.",
                "Execute method: view_task_details() using automation flow."
            ],
            "Expected Result": "The method 'view_task_details' executes successfully without errors."
        },
        {
            "Test Case ID": "MTD_AUTO_087",
            "Title": "Validate 'open_profile' functionality",
            "Preconditions": "Microsoft To Do is installed and user is logged in.",
            "Steps": [
                "Launch Microsoft To Do application.",
                "Execute method: open_profile() using automation flow."
            ],
            "Expected Result": "The method 'open_profile' executes successfully without errors."
        },
        {
            "Test Case ID": "MTD_AUTO_088",
            "Title": "Validate 'manage_accounts' functionality",
            "Preconditions": "Microsoft To Do is installed and user is logged in.",
            "Steps": [
                "Launch Microsoft To Do application.",
                "Execute method: manage_accounts() using automation flow."
            ],
            "Expected Result": "The method 'manage_accounts' executes successfully without errors."
        },
        {
            "Test Case ID": "MTD_AUTO_089",
            "Title": "Validate 'open_settings' functionality",
            "Preconditions": "Microsoft To Do is installed and user is logged in.",
            "Steps": [
                "Launch Microsoft To Do application.",
                "Execute method: open_settings() using automation flow."
            ],
            "Expected Result": "The method 'open_settings' executes successfully without errors."
        },
        {
            "Test Case ID": "MTD_AUTO_090",
            "Title": "Validate 'create_new_list' functionality",
            "Preconditions": "Microsoft To Do is installed and user is logged in.",
            "Steps": [
                "Launch Microsoft To Do application.",
                "Execute method: create_new_list() using automation flow."
            ],
            "Expected Result": "The method 'create_new_list' executes successfully without errors."
        },
        {
            "Test Case ID": "MTD_AUTO_091",
            "Title": "Validate 'verify_last_created_list' functionality",
            "Preconditions": "Microsoft To Do is installed and user is logged in.",
            "Steps": [
                "Launch Microsoft To Do application.",
                "Execute method: verify_last_created_list() using automation flow."
            ],
            "Expected Result": "The method 'verify_last_created_list' executes successfully without errors."
        },
        {
            "Test Case ID": "MTD_AUTO_092",
            "Title": "Validate 'add_task_to_current_list' functionality",
            "Preconditions": "Microsoft To Do is installed and user is logged in.",
            "Steps": [
                "Launch Microsoft To Do application.",
                "Execute method: add_task_to_current_list() using automation flow."
            ],
            "Expected Result": "The method 'add_task_to_current_list' executes successfully without errors."
        },
        {
            "Test Case ID": "MTD_AUTO_093",
            "Title": "Validate 'edit_task' functionality",
            "Preconditions": "Microsoft To Do is installed and user is logged in.",
            "Steps": [
                "Launch Microsoft To Do application.",
                "Execute method: edit_task() using automation flow."
            ],
            "Expected Result": "The method 'edit_task' executes successfully without errors."
        },
        {
            "Test Case ID": "MTD_AUTO_094",
            "Title": "Validate 'print_list' functionality",
            "Preconditions": "Microsoft To Do is installed and user is logged in.",
            "Steps": [
                "Launch Microsoft To Do application.",
                "Execute method: print_list() using automation flow."
            ],
            "Expected Result": "The method 'print_list' executes successfully without errors."
        },
        {
            "Test Case ID": "MTD_AUTO_095",
            "Title": "Validate 'delete_list' functionality",
            "Preconditions": "Microsoft To Do is installed and user is logged in.",
            "Steps": [
                "Launch Microsoft To Do application.",
                "Execute method: delete_list() using automation flow."
            ],
            "Expected Result": "The method 'delete_list' executes successfully without errors."
        },
        {
            "Test Case ID": "MTD_AUTO_096",
            "Title": "Validate 'dismiss_detail_view' functionality",
            "Preconditions": "Microsoft To Do is installed and user is logged in.",
            "Steps": [
                "Launch Microsoft To Do application.",
                "Execute method: dismiss_detail_view() using automation flow."
            ],
            "Expected Result": "The method 'dismiss_detail_view' executes successfully without errors."
        },
        {
            "Test Case ID": "MTD_AUTO_097",
            "Title": "Validate 'maximize' functionality",
            "Preconditions": "Microsoft To Do is installed and user is logged in.",
            "Steps": [
                "Launch Microsoft To Do application.",
                "Execute method: maximize() using automation flow."
            ],
            "Expected Result": "The method 'maximize' executes successfully without errors."
        },
        {
            "Test Case ID": "MTD_AUTO_098",
            "Title": "Validate 'minimize' functionality",
            "Preconditions": "Microsoft To Do is installed and user is logged in.",
            "Steps": [
                "Launch Microsoft To Do application.",
                "Execute method: minimize() using automation flow."
            ],
            "Expected Result": "The method 'minimize' executes successfully without errors."
        },
        {
            "Test Case ID": "MTD_AUTO_099",
            "Title": "Validate 'close' functionality",
            "Preconditions": "Microsoft To Do is installed and user is logged in.",
            "Steps": [
                "Launch Microsoft To Do application.",
                "Execute method: close() using automation flow."
            ],
            "Expected Result": "The method 'close' executes successfully without errors."
        },
        {
            "Test Case ID": "MTD_AUTO_100",
            "Title": "Validate 'open_my_day' functionality",
            "Preconditions": "Microsoft To Do is installed and user is logged in.",
            "Steps": [
                "Launch Microsoft To Do application.",
                "Execute method: open_my_day() using automation flow."
            ],
            "Expected Result": "The method 'open_my_day' executes successfully without errors."
        }
    ]
}